size, dupes, statements
1, 1, 17
2, 1, 21
2, 2, 33
3, 1, 29
3, 2, 53
3, 3, 53
4, 1, 33
4, 2, 45
4, 3, 77
4, 4, 77
5, 1, 33
5, 2, 85
5, 3, 97
5, 4, 105
5, 5, 105
6, 1, 41
6, 2, 65
6, 3, 97
6, 4, 109
6, 5, 137
6, 6, 137
7, 1, 65
7, 2, 93
7, 3, 97
7, 4, 129
7, 5, 141
7, 6, 173
7, 7, 173
8, 1, 49
8, 2, 97
8, 3, 121
8, 4, 121
8, 5, 161
8, 6, 177
8, 7, 213
8, 8, 213
9, 1, 77
9, 2, 121
9, 3, 105
9, 4, 137
9, 5, 185
9, 6, 201
9, 7, 241
9, 8, 257
9, 9, 257
10, 1, 81
10, 2, 113
10, 3, 165
10, 4, 189
10, 5, 181
10, 6, 261
10, 7, 237
10, 8, 277
10, 9, 305
10, 10, 305
11, 1, 85
11, 2, 121
11, 3, 185
11, 4, 197
11, 5, 213
11, 6, 225
11, 7, 313
11, 8, 305
11, 9, 325
11, 10, 357
11, 11, 357
12, 1, 81
12, 2, 85
12, 3, 161
12, 4, 157
12, 5, 205
12, 6, 253
12, 7, 317
12, 8, 297
12, 9, 349
12, 10, 397
12, 11, 413
12, 12, 413
13, 1, 109
13, 2, 161
13, 3, 209
13, 4, 213
13, 5, 237
13, 6, 297
13, 7, 329
13, 8, 309
13, 9, 393
13, 10, 389
13, 11, 429
13, 12, 473
13, 13, 473
14, 1, 93
14, 2, 161
14, 3, 201
14, 4, 269
14, 5, 273
14, 6, 305
14, 7, 293
14, 8, 377
14, 9, 369
14, 10, 449
14, 11, 489
14, 12, 485
14, 13, 537
14, 14, 537
15, 1, 97
15, 2, 169
15, 3, 197
15, 4, 277
15, 5, 241
15, 6, 357
15, 7, 337
15, 8, 401
15, 9, 397
15, 10, 473
15, 11, 521
15, 12, 529
15, 13, 597
15, 14, 605
15, 15, 605
16, 1, 97
16, 2, 133
16, 3, 177
16, 4, 285
16, 5, 313
16, 6, 301
16, 7, 381
16, 8, 361
16, 9, 473
16, 10, 521
16, 11, 553
16, 12, 505
16, 13, 609
16, 14, 645
16, 15, 677
16, 16, 677
17, 1, 137
17, 2, 189
17, 3, 253
17, 4, 257
17, 5, 325
17, 6, 317
17, 7, 313
17, 8, 453
17, 9, 521
17, 10, 533
17, 11, 561
17, 12, 605
17, 13, 673
17, 14, 721
17, 15, 721
17, 16, 753
17, 17, 753
18, 1, 85
18, 2, 149
18, 3, 193
18, 4, 285
18, 5, 321
18, 6, 317
18, 7, 437
18, 8, 409
18, 9, 437
18, 10, 629
18, 11, 573
18, 12, 633
18, 13, 629
18, 14, 773
18, 15, 693
18, 16, 793
18, 17, 833
18, 18, 833
19, 1, 97
19, 2, 161
19, 3, 245
19, 4, 257
19, 5, 269
19, 6, 365
19, 7, 385
19, 8, 425
19, 9, 553
19, 10, 517
19, 11, 609
19, 12, 613
19, 13, 713
19, 14, 769
19, 15, 849
19, 16, 813
19, 17, 909
19, 18, 917
19, 19, 917
20, 1, 125
20, 2, 185
20, 3, 257
20, 4, 309
20, 5, 241
20, 6, 417
20, 7, 393
20, 8, 489
20, 9, 549
20, 10, 517
20, 11, 689
20, 12, 645
20, 13, 725
20, 14, 713
20, 15, 817
20, 16, 849
20, 17, 941
20, 18, 989
20, 19, 1005
20, 20, 1005
21, 1, 137
21, 2, 217
21, 3, 217
21, 4, 269
21, 5, 369
21, 6, 373
21, 7, 541
21, 8, 449
21, 9, 565
21, 10, 677
21, 11, 741
21, 12, 681
21, 13, 793
21, 14, 809
21, 15, 833
21, 16, 861
21, 17, 933
21, 18, 1001
21, 19, 1041
21, 20, 1097
21, 21, 1097
22, 1, 177
22, 2, 129
22, 3, 357
22, 4, 381
22, 5, 473
22, 6, 441
22, 7, 465
22, 8, 573
22, 9, 581
22, 10, 685
22, 11, 645
22, 12, 709
22, 13, 821
22, 14, 929
22, 15, 833
22, 16, 901
22, 17, 985
22, 18, 1085
22, 19, 1065
22, 20, 1177
22, 21, 1193
22, 22, 1193
23, 1, 161
23, 2, 257
23, 3, 317
23, 4, 473
23, 5, 473
23, 6, 441
23, 7, 465
23, 8, 525
23, 9, 577
23, 10, 593
23, 11, 677
23, 12, 657
23, 13, 785
23, 14, 809
23, 15, 981
23, 16, 977
23, 17, 997
23, 18, 1081
23, 19, 1189
23, 20, 1157
23, 21, 1269
23, 22, 1293
23, 23, 1293
24, 1, 137
24, 2, 225
24, 3, 209
24, 4, 377
24, 5, 357
24, 6, 429
24, 7, 429
24, 8, 493
24, 9, 757
24, 10, 753
24, 11, 653
24, 12, 733
24, 13, 837
24, 14, 993
24, 15, 973
24, 16, 973
24, 17, 981
24, 18, 1181
24, 19, 1149
24, 20, 1241
24, 21, 1329
24, 22, 1381
24, 23, 1397
24, 24, 1397
25, 1, 137
25, 2, 285
25, 3, 361
25, 4, 369
25, 5, 417
25, 6, 449
25, 7, 537
25, 8, 641
25, 9, 693
25, 10, 681
25, 11, 805
25, 12, 837
25, 13, 849
25, 14, 957
25, 15, 885
25, 16, 1037
25, 17, 1065
25, 18, 1049
25, 19, 1265
25, 20, 1341
25, 21, 1337
25, 22, 1385
25, 23, 1461
25, 24, 1505
25, 25, 1505
26, 1, 145
26, 2, 165
26, 3, 361
26, 4, 417
26, 5, 405
26, 6, 673
26, 7, 625
26, 8, 621
26, 9, 745
26, 10, 613
26, 11, 913
26, 12, 865
26, 13, 801
26, 14, 973
26, 15, 989
26, 16, 1021
26, 17, 1125
26, 18, 1201
26, 19, 1165
26, 20, 1365
26, 21, 1421
26, 22, 1441
26, 23, 1521
26, 24, 1545
26, 25, 1617
26, 26, 1617
27, 1, 145
27, 2, 341
27, 3, 297
27, 4, 381
27, 5, 333
27, 6, 445
27, 7, 629
27, 8, 645
27, 9, 593
27, 10, 753
27, 11, 813
27, 12, 761
27, 13, 1121
27, 14, 1157
27, 15, 897
27, 16, 1065
27, 17, 1321
27, 18, 1173
27, 19, 1397
27, 20, 1397
27, 21, 1453
27, 22, 1465
27, 23, 1553
27, 24, 1701
27, 25, 1725
27, 26, 1733
27, 27, 1733
28, 1, 205
28, 2, 233
28, 3, 221
28, 4, 341
28, 5, 641
28, 6, 473
28, 7, 545
28, 8, 689
28, 9, 633
28, 10, 833
28, 11, 737
28, 12, 921
28, 13, 845
28, 14, 1033
28, 15, 1177
28, 16, 1081
28, 17, 1137
28, 18, 1201
28, 19, 1345
28, 20, 1385
28, 21, 1449
28, 22, 1517
28, 23, 1493
28, 24, 1585
28, 25, 1669
28, 26, 1809
28, 27, 1853
28, 28, 1853
29, 1, 181
29, 2, 245
29, 3, 405
29, 4, 425
29, 5, 321
29, 6, 617
29, 7, 669
29, 8, 725
29, 9, 713
29, 10, 809
29, 11, 881
29, 12, 1113
29, 13, 893
29, 14, 1173
29, 15, 1021
29, 16, 1365
29, 17, 1173
29, 18, 1321
29, 19, 1489
29, 20, 1385
29, 21, 1661
29, 22, 1533
29, 23, 1661
29, 24, 1661
29, 25, 1853
29, 26, 1805
29, 27, 1889
29, 28, 1977
29, 29, 1977
30, 1, 201
30, 2, 289
30, 3, 381
30, 4, 469
30, 5, 569
30, 6, 469
30, 7, 649
30, 8, 809
30, 9, 773
30, 10, 765
30, 11, 885
30, 12, 857
30, 13, 1029
30, 14, 1081
30, 15, 1049
30, 16, 1257
30, 17, 1397
30, 18, 1561
30, 19, 1469
30, 20, 1565
30, 21, 1561
30, 22, 1597
30, 23, 1629
30, 24, 1709
30, 25, 1881
30, 26, 1925
30, 27, 1965
30, 28, 2049
30, 29, 2105
30, 30, 2105
31, 1, 245
31, 2, 385
31, 3, 413
31, 4, 517
31, 5, 561
31, 6, 513
31, 7, 813
31, 8, 737
31, 9, 889
31, 10, 821
31, 11, 669
31, 12, 1089
31, 13, 1157
31, 14, 1197
31, 15, 1205
31, 16, 1105
31, 17, 1357
31, 18, 1273
31, 19, 1593
31, 20, 1609
31, 21, 1501
31, 22, 1657
31, 23, 1673
31, 24, 1769
31, 25, 1937
31, 26, 1965
31, 27, 2045
31, 28, 2089
31, 29, 2193
31, 30, 2237
31, 31, 2237
32, 1, 169
32, 2, 285
32, 3, 441
32, 4, 417
32, 5, 589
32, 6, 581
32, 7, 521
32, 8, 669
32, 9, 861
32, 10, 885
32, 11, 897
32, 12, 913
32, 13, 1021
32, 14, 1089
32, 15, 1277
32, 16, 1209
32, 17, 1265
32, 18, 1565
32, 19, 1657
32, 20, 1529
32, 21, 1733
32, 22, 1777
32, 23, 1777
32, 24, 1913
32, 25, 2041
32, 26, 2005
32, 27, 2085
32, 28, 2229
32, 29, 2185
32, 30, 2357
32, 31, 2373
32, 32, 2373
33, 1, 233
33, 2, 313
33, 3, 285
33, 4, 641
33, 5, 549
33, 6, 753
33, 7, 597
33, 8, 725
33, 9, 821
33, 10, 1201
33, 11, 889
33, 12, 1145
33, 13, 1201
33, 14, 1313
33, 15, 1265
33, 16, 1293
33, 17, 1177
33, 18, 1441
33, 19, 1557
33, 20, 1561
33, 21, 1605
33, 22, 1945
33, 23, 1953
33, 24, 2069
33, 25, 2165
33, 26, 1981
33, 27, 2153
33, 28, 2337
33, 29, 2269
33, 30, 2453
33, 31, 2401
33, 32, 2513
33, 33, 2513
34, 1, 169
34, 2, 369
34, 3, 361
34, 4, 569
34, 5, 713
34, 6, 625
34, 7, 729
34, 8, 845
34, 9, 761
34, 10, 897
34, 11, 941
34, 12, 1049
34, 13, 1133
34, 14, 1273
34, 15, 1565
34, 16, 1217
34, 17, 1585
34, 18, 1749
34, 19, 1697
34, 20, 1761
34, 21, 1649
34, 22, 1745
34, 23, 1849
34, 24, 2033
34, 25, 2353
34, 26, 2249
34, 27, 2105
34, 28, 2381
34, 29, 2493
34, 30, 2385
34, 31, 2521
34, 32, 2609
34, 33, 2657
34, 34, 2657
35, 1, 221
35, 2, 409
35, 3, 461
35, 4, 541
35, 5, 545
35, 6, 741
35, 7, 593
35, 8, 725
35, 9, 705
35, 10, 1005
35, 11, 941
35, 12, 1113
35, 13, 1197
35, 14, 1177
35, 15, 1357
35, 16, 1257
35, 17, 1381
35, 18, 1249
35, 19, 1793
35, 20, 1881
35, 21, 1857
35, 22, 1809
35, 23, 1801
35, 24, 2125
35, 25, 2149
35, 26, 2281
35, 27, 2313
35, 28, 2445
35, 29, 2473
35, 30, 2417
35, 31, 2557
35, 32, 2713
35, 33, 2677
35, 34, 2805
35, 35, 2805
36, 1, 185
36, 2, 305
36, 3, 369
36, 4, 497
36, 5, 577
36, 6, 489
36, 7, 705
36, 8, 753
36, 9, 693
36, 10, 1049
36, 11, 949
36, 12, 1065
36, 13, 1425
36, 14, 1305
36, 15, 1241
36, 16, 1457
36, 17, 1381
36, 18, 1841
36, 19, 1653
36, 20, 1849
36, 21, 1813
36, 22, 1677
36, 23, 2013
36, 24, 2237
36, 25, 2233
36, 26, 2305
36, 27, 2557
36, 28, 2413
36, 29, 2409
36, 30, 2577
36, 31, 2705
36, 32, 2713
36, 33, 2869
36, 34, 2837
36, 35, 2957
36, 36, 2957
37, 1, 305
37, 2, 373
37, 3, 605
37, 4, 461
37, 5, 861
37, 6, 697
37, 7, 717
37, 8, 877
37, 9, 1145
37, 10, 1293
37, 11, 1229
37, 12, 1077
37, 13, 1169
37, 14, 1473
37, 15, 1325
37, 16, 1437
37, 17, 1445
37, 18, 1633
37, 19, 1533
37, 20, 1937
37, 21, 1561
37, 22, 1769
37, 23, 2273
37, 24, 2117
37, 25, 2069
37, 26, 2053
37, 27, 2693
37, 28, 2637
37, 29, 2561
37, 30, 2689
37, 31, 2709
37, 32, 2801
37, 33, 2805
37, 34, 2997
37, 35, 3101
37, 36, 3113
37, 37, 3113
38, 1, 181
38, 2, 285
38, 3, 457
38, 4, 669
38, 5, 545
38, 6, 693
38, 7, 645
38, 8, 905
38, 9, 1061
38, 10, 1097
38, 11, 1161
38, 12, 1173
38, 13, 1089
38, 14, 1585
38, 15, 1557
38, 16, 1717
38, 17, 1789
38, 18, 1389
38, 19, 1621
38, 20, 1793
38, 21, 1857
38, 22, 1873
38, 23, 2049
38, 24, 2145
38, 25, 2265
38, 26, 2517
38, 27, 2529
38, 28, 2805
38, 29, 2617
38, 30, 2657
38, 31, 2717
38, 32, 2869
38, 33, 2993
38, 34, 3037
38, 35, 3073
38, 36, 3161
38, 37, 3273
38, 38, 3273
39, 1, 309
39, 2, 369
39, 3, 333
39, 4, 533
39, 5, 641
39, 6, 729
39, 7, 881
39, 8, 1021
39, 9, 1217
39, 10, 1173
39, 11, 929
39, 12, 953
39, 13, 1425
39, 14, 1405
39, 15, 1601
39, 16, 1733
39, 17, 1733
39, 18, 1553
39, 19, 1893
39, 20, 2093
39, 21, 2029
39, 22, 2093
39, 23, 2185
39, 24, 2357
39, 25, 2309
39, 26, 2413
39, 27, 2649
39, 28, 2313
39, 29, 2625
39, 30, 2705
39, 31, 2869
39, 32, 2725
39, 33, 2921
39, 34, 3117
39, 35, 3125
39, 36, 3405
39, 37, 3377
39, 38, 3437
39, 39, 3437
40, 1, 209
40, 2, 413
40, 3, 605
40, 4, 429
40, 5, 749
40, 6, 717
40, 7, 561
40, 8, 677
40, 9, 1045
40, 10, 1009
40, 11, 1221
40, 12, 1225
40, 13, 1261
40, 14, 1549
40, 15, 1693
40, 16, 1517
40, 17, 1785
40, 18, 2161
40, 19, 1813
40, 20, 1981
40, 21, 1901
40, 22, 2313
40, 23, 2025
40, 24, 2473
40, 25, 2477
40, 26, 2305
40, 27, 2577
40, 28, 2733
40, 29, 2869
40, 30, 2793
40, 31, 2997
40, 32, 2793
40, 33, 3109
40, 34, 3185
40, 35, 3137
40, 36, 3353
40, 37, 3521
40, 38, 3569
40, 39, 3605
40, 40, 3605
41, 1, 177
41, 2, 425
41, 3, 513
41, 4, 513
41, 5, 801
41, 6, 805
41, 7, 933
41, 8, 889
41, 9, 1053
41, 10, 1141
41, 11, 1169
41, 12, 1581
41, 13, 1209
41, 14, 1385
41, 15, 1525
41, 16, 1525
41, 17, 1961
41, 18, 1777
41, 19, 2001
41, 20, 1913
41, 21, 2045
41, 22, 2113
41, 23, 2429
41, 24, 2277
41, 25, 2361
41, 26, 2561
41, 27, 2585
41, 28, 2837
41, 29, 3037
41, 30, 2677
41, 31, 3213
41, 32, 2997
41, 33, 3153
41, 34, 3101
41, 35, 3277
41, 36, 3289
41, 37, 3517
41, 38, 3641
41, 39, 3637
41, 40, 3777
41, 41, 3777
42, 1, 245
42, 2, 361
42, 3, 521
42, 4, 413
42, 5, 793
42, 6, 553
42, 7, 885
42, 8, 853
42, 9, 1025
42, 10, 1421
42, 11, 937
42, 12, 1109
42, 13, 1381
42, 14, 1553
42, 15, 1653
42, 16, 1521
42, 17, 1773
42, 18, 1845
42, 19, 2041
42, 20, 2073
42, 21, 2145
42, 22, 2253
42, 23, 2465
42, 24, 2189
42, 25, 2417
42, 26, 2661
42, 27, 2549
42, 28, 2713
42, 29, 2925
42, 30, 2769
42, 31, 2861
42, 32, 3229
42, 33, 3461
42, 34, 3425
42, 35, 3321
42, 36, 3441
42, 37, 3629
42, 38, 3749
42, 39, 3829
42, 40, 3861
42, 41, 3953
42, 42, 3953
43, 1, 321
43, 2, 441
43, 3, 417
43, 4, 473
43, 5, 833
43, 6, 805
43, 7, 945
43, 8, 1013
43, 9, 1097
43, 10, 1177
43, 11, 981
43, 12, 1229
43, 13, 1589
43, 14, 1613
43, 15, 1749
43, 16, 1437
43, 17, 1661
43, 18, 2129
43, 19, 2025
43, 20, 2089
43, 21, 2113
43, 22, 2125
43, 23, 2497
43, 24, 2393
43, 25, 2309
43, 26, 2601
43, 27, 2681
43, 28, 2833
43, 29, 2793
43, 30, 3077
43, 31, 3125
43, 32, 3225
43, 33, 3385
43, 34, 3261
43, 35, 3261
43, 36, 3789
43, 37, 3645
43, 38, 3813
43, 39, 3813
43, 40, 3997
43, 41, 4093
43, 42, 4133
43, 43, 4133
44, 1, 205
44, 2, 429
44, 3, 505
44, 4, 593
44, 5, 777
44, 6, 849
44, 7, 1133
44, 8, 909
44, 9, 1113
44, 10, 1089
44, 11, 1121
44, 12, 1365
44, 13, 1537
44, 14, 1429
44, 15, 1649
44, 16, 1885
44, 17, 1709
44, 18, 1841
44, 19, 2069
44, 20, 2257
44, 21, 1877
44, 22, 2457
44, 23, 2105
44, 24, 2509
44, 25, 2649
44, 26, 2765
44, 27, 2745
44, 28, 2937
44, 29, 3093
44, 30, 3125
44, 31, 3137
44, 32, 3229
44, 33, 3401
44, 34, 3309
44, 35, 3597
44, 36, 3661
44, 37, 3869
44, 38, 4029
44, 39, 4025
44, 40, 4173
44, 41, 4101
44, 42, 4153
44, 43, 4317
44, 44, 4317
45, 1, 261
45, 2, 469
45, 3, 457
45, 4, 569
45, 5, 593
45, 6, 809
45, 7, 1113
45, 8, 1169
45, 9, 1121
45, 10, 1049
45, 11, 1073
45, 12, 1405
45, 13, 1609
45, 14, 1665
45, 15, 2033
45, 16, 1837
45, 17, 2333
45, 18, 2013
45, 19, 1909
45, 20, 2081
45, 21, 2121
45, 22, 2269
45, 23, 2717
45, 24, 2477
45, 25, 2913
45, 26, 3017
45, 27, 3161
45, 28, 3005
45, 29, 2861
45, 30, 3445
45, 31, 3101
45, 32, 3193
45, 33, 3449
45, 34, 3537
45, 35, 3697
45, 36, 3929
45, 37, 3789
45, 38, 3901
45, 39, 4081
45, 40, 4201
45, 41, 4209
45, 42, 4157
45, 43, 4373
45, 44, 4505
45, 45, 4505
46, 1, 201
46, 2, 249
46, 3, 445
46, 4, 693
46, 5, 917
46, 6, 873
46, 7, 1233
46, 8, 1017
46, 9, 1301
46, 10, 1281
46, 11, 1321
46, 12, 1377
46, 13, 1533
46, 14, 1993
46, 15, 2329
46, 16, 1757
46, 17, 1857
46, 18, 2369
46, 19, 2213
46, 20, 1981
46, 21, 2241
46, 22, 2469
46, 23, 2577
46, 24, 2721
46, 25, 2529
46, 26, 2753
46, 27, 2925
46, 28, 2993
46, 29, 3413
46, 30, 2829
46, 31, 3245
46, 32, 3381
46, 33, 3353
46, 34, 3601
46, 35, 3525
46, 36, 3885
46, 37, 4005
46, 38, 3837
46, 39, 3837
46, 40, 4245
46, 41, 4301
46, 42, 4493
46, 43, 4429
46, 44, 4609
46, 45, 4697
46, 46, 4697
47, 1, 249
47, 2, 377
47, 3, 565
47, 4, 541
47, 5, 769
47, 6, 865
47, 7, 961
47, 8, 1357
47, 9, 1281
47, 10, 1297
47, 11, 1429
47, 12, 1429
47, 13, 1333
47, 14, 1661
47, 15, 1721
47, 16, 1797
47, 17, 2245
47, 18, 2341
47, 19, 1873
47, 20, 2485
47, 21, 2465
47, 22, 2429
47, 23, 2813
47, 24, 2701
47, 25, 2865
47, 26, 3241
47, 27, 3105
47, 28, 2909
47, 29, 3369
47, 30, 3145
47, 31, 3477
47, 32, 3757
47, 33, 3669
47, 34, 3785
47, 35, 3665
47, 36, 4217
47, 37, 3929
47, 38, 3789
47, 39, 4081
47, 40, 4509
47, 41, 4413
47, 42, 4629
47, 43, 4497
47, 44, 4633
47, 45, 4733
47, 46, 4893
47, 47, 4893
48, 1, 273
48, 2, 361
48, 3, 393
48, 4, 601
48, 5, 1001
48, 6, 897
48, 7, 1257
48, 8, 1133
48, 9, 1129
48, 10, 1265
48, 11, 1397
48, 12, 1485
48, 13, 1225
48, 14, 1781
48, 15, 1901
48, 16, 1937
48, 17, 2205
48, 18, 1873
48, 19, 2505
48, 20, 2273
48, 21, 2769
48, 22, 2569
48, 23, 2429
48, 24, 2481
48, 25, 2797
48, 26, 2617
48, 27, 3437
48, 28, 2969
48, 29, 3029
48, 30, 3469
48, 31, 3833
48, 32, 3689
48, 33, 3729
48, 34, 3717
48, 35, 3609
48, 36, 4085
48, 37, 3929
48, 38, 3693
48, 39, 4433
48, 40, 4249
48, 41, 4477
48, 42, 4697
48, 43, 4649
48, 44, 4653
48, 45, 4857
48, 46, 5085
48, 47, 5093
48, 48, 5093
49, 1, 285
49, 2, 321
49, 3, 585
49, 4, 825
49, 5, 705
49, 6, 741
49, 7, 645
49, 8, 1209
49, 9, 1333
49, 10, 1357
49, 11, 1277
49, 12, 1469
49, 13, 1941
49, 14, 2161
49, 15, 1813
49, 16, 2325
49, 17, 2001
49, 18, 2133
49, 19, 2057
49, 20, 2377
49, 21, 2237
49, 22, 2625
49, 23, 2485
49, 24, 3121
49, 25, 2501
49, 26, 3149
49, 27, 2913
49, 28, 3561
49, 29, 3301
49, 30, 3705
49, 31, 3725
49, 32, 3761
49, 33, 3605
49, 34, 3857
49, 35, 4005
49, 36, 3977
49, 37, 4085
49, 38, 4281
49, 39, 4425
49, 40, 4569
49, 41, 4589
49, 42, 4685
49, 43, 4853
49, 44, 4985
49, 45, 4789
49, 46, 5089
49, 47, 5137
49, 48, 5297
49, 49, 5297
50, 1, 245
50, 2, 265
50, 3, 465
50, 4, 609
50, 5, 617
50, 6, 1001
50, 7, 801
50, 8, 1273
50, 9, 1077
50, 10, 1293
50, 11, 1601
50, 12, 1625
50, 13, 2021
50, 14, 1665
50, 15, 1589
50, 16, 2077
50, 17, 2385
50, 18, 2073
50, 19, 2241
50, 20, 2537
50, 21, 2541
50, 22, 2873
50, 23, 2609
50, 24, 2829
50, 25, 2389
50, 26, 2797
50, 27, 3081
50, 28, 3569
50, 29, 3529
50, 30, 3433
50, 31, 3465
50, 32, 3765
50, 33, 3917
50, 34, 3841
50, 35, 3957
50, 36, 4229
50, 37, 4341
50, 38, 4349
50, 39, 4513
50, 40, 4305
50, 41, 4909
50, 42, 4945
50, 43, 4741
50, 44, 4989
50, 45, 5253
50, 46, 5269
50, 47, 5237
50, 48, 5477
50, 49, 5505
50, 50, 5505
51, 1, 249
51, 2, 537
51, 3, 617
51, 4, 749
51, 5, 929
51, 6, 737
51, 7, 909
51, 8, 1305
51, 9, 1277
51, 10, 1181
51, 11, 1773
51, 12, 1777
51, 13, 2121
51, 14, 1857
51, 15, 2093
51, 16, 2309
51, 17, 2089
51, 18, 2357
51, 19, 2021
51, 20, 2409
51, 21, 2565
51, 22, 3033
51, 23, 2841
51, 24, 2505
51, 25, 3265
51, 26, 3137
51, 27, 3513
51, 28, 2829
51, 29, 3445
51, 30, 3401
51, 31, 3789
51, 32, 3913
51, 33, 3841
51, 34, 4165
51, 35, 4053
51, 36, 3921
51, 37, 4125
51, 38, 4453
51, 39, 4441
51, 40, 4749
51, 41, 4861
51, 42, 4885
51, 43, 5013
51, 44, 5165
51, 45, 5341
51, 46, 5269
51, 47, 5217
51, 48, 5581
51, 49, 5689
51, 50, 5717
51, 51, 5717
52, 1, 401
52, 2, 381
52, 3, 745
52, 4, 569
52, 5, 993
52, 6, 977
52, 7, 1221
52, 8, 1181
52, 9, 1257
52, 10, 1421
52, 11, 1669
52, 12, 1473
52, 13, 1653
52, 14, 1925
52, 15, 2273
52, 16, 2005
52, 17, 2021
52, 18, 2349
52, 19, 2645
52, 20, 2561
52, 21, 2701
52, 22, 2837
52, 23, 2941
52, 24, 3369
52, 25, 3085
52, 26, 3257
52, 27, 3201
52, 28, 3661
52, 29, 3469
52, 30, 3641
52, 31, 3809
52, 32, 3973
52, 33, 4253
52, 34, 3973
52, 35, 4417
52, 36, 4237
52, 37, 4545
52, 38, 4457
52, 39, 4381
52, 40, 4673
52, 41, 4925
52, 42, 4977
52, 43, 5157
52, 44, 5257
52, 45, 5017
52, 46, 5361
52, 47, 5397
52, 48, 5633
52, 49, 5617
52, 50, 5925
52, 51, 5933
52, 52, 5933
53, 1, 365
53, 2, 621
53, 3, 585
53, 4, 573
53, 5, 761
53, 6, 669
53, 7, 1313
53, 8, 1457
53, 9, 1209
53, 10, 1537
53, 11, 1649
53, 12, 1497
53, 13, 1933
53, 14, 2069
53, 15, 1765
53, 16, 2381
53, 17, 2605
53, 18, 2089
53, 19, 2461
53, 20, 3165
53, 21, 2645
53, 22, 2741
53, 23, 2949
53, 24, 3357
53, 25, 2905
53, 26, 2969
53, 27, 3245
53, 28, 3177
53, 29, 3449
53, 30, 3805
53, 31, 3593
53, 32, 4281
53, 33, 4037
53, 34, 3865
53, 35, 4057
53, 36, 4457
53, 37, 4737
53, 38, 4321
53, 39, 4717
53, 40, 4705
53, 41, 4709
53, 42, 4893
53, 43, 5225
53, 44, 5225
53, 45, 5493
53, 46, 5625
53, 47, 5541
53, 48, 5753
53, 49, 5997
53, 50, 5913
53, 51, 5941
53, 52, 6153
53, 53, 6153
54, 1, 233
54, 2, 369
54, 3, 665
54, 4, 1069
54, 5, 949
54, 6, 849
54, 7, 1001
54, 8, 1409
54, 9, 1189
54, 10, 1489
54, 11, 2005
54, 12, 1777
54, 13, 1865
54, 14, 2041
54, 15, 2553
54, 16, 2301
54, 17, 2477
54, 18, 2401
54, 19, 2521
54, 20, 2801
54, 21, 2597
54, 22, 3089
54, 23, 2597
54, 24, 3105
54, 25, 3253
54, 26, 3173
54, 27, 3237
54, 28, 3433
54, 29, 3777
54, 30, 4021
54, 31, 3729
54, 32, 3765
54, 33, 4065
54, 34, 4013
54, 35, 4505
54, 36, 4433
54, 37, 4401
54, 38, 4777
54, 39, 5093
54, 40, 4781
54, 41, 5041
54, 42, 5245
54, 43, 5669
54, 44, 5449
54, 45, 5629
54, 46, 5801
54, 47, 5869
54, 48, 5597
54, 49, 6065
54, 50, 6157
54, 51, 6189
54, 52, 6189
54, 53, 6377
54, 54, 6377
55, 1, 257
55, 2, 325
55, 3, 857
55, 4, 989
55, 5, 833
55, 6, 821
55, 7, 893
55, 8, 909
55, 9, 1305
55, 10, 1289
55, 11, 1393
55, 12, 1461
55, 13, 1749
55, 14, 1769
55, 15, 1897
55, 16, 1981
55, 17, 2173
55, 18, 2561
55, 19, 2573
55, 20, 2669
55, 21, 2949
55, 22, 2789
55, 23, 3233
55, 24, 2897
55, 25, 3541
55, 26, 3613
55, 27, 3509
55, 28, 3413
55, 29, 3757
55, 30, 4125
55, 31, 3737
55, 32, 4301
55, 33, 4393
55, 34, 4101
55, 35, 4569
55, 36, 4145
55, 37, 4781
55, 38, 4677
55, 39, 4997
55, 40, 4917
55, 41, 5025
55, 42, 5241
55, 43, 5349
55, 44, 5509
55, 45, 5553
55, 46, 5457
55, 47, 5621
55, 48, 5713
55, 49, 6081
55, 50, 6149
55, 51, 6225
55, 52, 6237
55, 53, 6409
55, 54, 6605
55, 55, 6605
56, 1, 253
56, 2, 573
56, 3, 633
56, 4, 665
56, 5, 845
56, 6, 1037
56, 7, 905
56, 8, 1297
56, 9, 1273
56, 10, 1213
56, 11, 1701
56, 12, 1881
56, 13, 1973
56, 14, 2173
56, 15, 1917
56, 16, 2993
56, 17, 2481
56, 18, 2697
56, 19, 2693
56, 20, 2461
56, 21, 2865
56, 22, 3213
56, 23, 3037
56, 24, 3521
56, 25, 3201
56, 26, 3685
56, 27, 3785
56, 28, 3737
56, 29, 3977
56, 30, 3749
56, 31, 4029
56, 32, 4473
56, 33, 4529
56, 34, 4753
56, 35, 4341
56, 36, 4653
56, 37, 4745
56, 38, 5013
56, 39, 5025
56, 40, 5153
56, 41, 5193
56, 42, 5105
56, 43, 5341
56, 44, 5469
56, 45, 5489
56, 46, 5473
56, 47, 5857
56, 48, 5893
56, 49, 6145
56, 50, 6125
56, 51, 6329
56, 52, 6609
56, 53, 6653
56, 54, 6761
56, 55, 6837
56, 56, 6837
57, 1, 241
57, 2, 573
57, 3, 721
57, 4, 909
57, 5, 525
57, 6, 765
57, 7, 1077
57, 8, 1417
57, 9, 1377
57, 10, 1737
57, 11, 1333
57, 12, 1793
57, 13, 1833
57, 14, 1853
57, 15, 2341
57, 16, 2457
57, 17, 2093
57, 18, 2549
57, 19, 2357
57, 20, 2813
57, 21, 3461
57, 22, 3073
57, 23, 2849
57, 24, 3593
57, 25, 3509
57, 26, 3257
57, 27, 3801
57, 28, 3881
57, 29, 3613
57, 30, 4441
57, 31, 4057
57, 32, 4193
57, 33, 3957
57, 34, 4141
57, 35, 4665
57, 36, 4773
57, 37, 4453
57, 38, 4989
57, 39, 4809
57, 40, 4545
57, 41, 5713
57, 42, 5661
57, 43, 5537
57, 44, 5669
57, 45, 6077
57, 46, 5629
57, 47, 6001
57, 48, 6117
57, 49, 6125
57, 50, 6261
57, 51, 6653
57, 52, 6685
57, 53, 6853
57, 54, 6669
57, 55, 6845
57, 56, 7073
57, 57, 7073
58, 1, 441
58, 2, 437
58, 3, 797
58, 4, 793
58, 5, 845
58, 6, 1109
58, 7, 917
58, 8, 1349
58, 9, 1577
58, 10, 1629
58, 11, 1921
58, 12, 1857
58, 13, 2081
58, 14, 2133
58, 15, 2337
58, 16, 2417
58, 17, 2409
58, 18, 2873
58, 19, 2613
58, 20, 2353
58, 21, 2597
58, 22, 3161
58, 23, 3333
58, 24, 3429
58, 25, 3417
58, 26, 3113
58, 27, 3701
58, 28, 3073
58, 29, 4241
58, 30, 4217
58, 31, 4173
58, 32, 4101
58, 33, 4233
58, 34, 4317
58, 35, 4629
58, 36, 4549
58, 37, 4149
58, 38, 5421
58, 39, 5081
58, 40, 5249
58, 41, 5337
58, 42, 5877
58, 43, 5489
58, 44, 5841
58, 45, 5661
58, 46, 6081
58, 47, 6705
58, 48, 6113
58, 49, 6321
58, 50, 6345
58, 51, 6573
58, 52, 6545
58, 53, 6733
58, 54, 6977
58, 55, 6945
58, 56, 7153
58, 57, 7313
58, 58, 7313
59, 1, 285
59, 2, 653
59, 3, 869
59, 4, 833
59, 5, 797
59, 6, 1329
59, 7, 945
59, 8, 1441
59, 9, 1657
59, 10, 1333
59, 11, 1669
59, 12, 2061
59, 13, 1969
59, 14, 2205
59, 15, 2261
59, 16, 2549
59, 17, 2617
59, 18, 2549
59, 19, 2877
59, 20, 2729
59, 21, 3205
59, 22, 3153
59, 23, 3241
59, 24, 3465
59, 25, 3061
59, 26, 3301
59, 27, 3709
59, 28, 3801
59, 29, 3973
59, 30, 4001
59, 31, 4141
59, 32, 4477
59, 33, 4505
59, 34, 4217
59, 35, 4609
59, 36, 5245
59, 37, 4885
59, 38, 5329
59, 39, 5169
59, 40, 5657
59, 41, 5625
59, 42, 5533
59, 43, 5477
59, 44, 5941
59, 45, 6061
59, 46, 5785
59, 47, 6601
59, 48, 6425
59, 49, 6337
59, 50, 6521
59, 51, 6537
59, 52, 7077
59, 53, 6801
59, 54, 6985
59, 55, 7209
59, 56, 7297
59, 57, 7549
59, 58, 7557
59, 59, 7557
60, 1, 381
60, 2, 645
60, 3, 473
60, 4, 645
60, 5, 589
60, 6, 1113
60, 7, 1485
60, 8, 1593
60, 9, 1745
60, 10, 2017
60, 11, 1713
60, 12, 1777
60, 13, 2073
60, 14, 2317
60, 15, 2385
60, 16, 1961
60, 17, 2781
60, 18, 3001
60, 19, 2669
60, 20, 2473
60, 21, 3437
60, 22, 3825
60, 23, 2413
60, 24, 3337
60, 25, 3445
60, 26, 4061
60, 27, 3725
60, 28, 4169
60, 29, 3933
60, 30, 3937
60, 31, 3981
60, 32, 4269
60, 33, 4669
60, 34, 4861
60, 35, 4857
60, 36, 4609
60, 37, 5049
60, 38, 4837
60, 39, 5161
60, 40, 5305
60, 41, 5513
60, 42, 5577
60, 43, 5869
60, 44, 6345
60, 45, 5929
60, 46, 5817
60, 47, 6485
60, 48, 6137
60, 49, 6625
60, 50, 6681
60, 51, 6877
60, 52, 7033
60, 53, 7013
60, 54, 7153
60, 55, 7225
60, 56, 7425
60, 57, 7629
60, 58, 7585
60, 59, 7805
60, 60, 7805
61, 1, 405
61, 2, 725
61, 3, 557
61, 4, 1049
61, 5, 773
61, 6, 1101
61, 7, 1217
61, 8, 1293
61, 9, 1869
61, 10, 1617
61, 11, 2061
61, 12, 1713
61, 13, 2161
61, 14, 2873
61, 15, 2653
61, 16, 2617
61, 17, 2585
61, 18, 2641
61, 19, 3053
61, 20, 3161
61, 21, 3125
61, 22, 3385
61, 23, 3601
61, 24, 3521
61, 25, 3121
61, 26, 3573
61, 27, 4165
61, 28, 3853
61, 29, 4169
61, 30, 4145
61, 31, 4473
61, 32, 4377
61, 33, 5057
61, 34, 4549
61, 35, 5277
61, 36, 4961
61, 37, 4925
61, 38, 5169
61, 39, 4957
61, 40, 5301
61, 41, 5645
61, 42, 5673
61, 43, 5753
61, 44, 6457
61, 45, 6129
61, 46, 6585
61, 47, 5957
61, 48, 6449
61, 49, 7081
61, 50, 7033
61, 51, 6793
61, 52, 7121
61, 53, 7317
61, 54, 7309
61, 55, 7469
61, 56, 7629
61, 57, 7789
61, 58, 7701
61, 59, 8045
61, 60, 8057
61, 61, 8057
62, 1, 421
62, 2, 573
62, 3, 873
62, 4, 637
62, 5, 945
62, 6, 745
62, 7, 1113
62, 8, 1409
62, 9, 1805
62, 10, 1797
62, 11, 1637
62, 12, 1685
62, 13, 2341
62, 14, 2297
62, 15, 2389
62, 16, 2465
62, 17, 2385
62, 18, 2901
62, 19, 3181
62, 20, 2965
62, 21, 2969
62, 22, 2961
62, 23, 3569
62, 24, 3725
62, 25, 3337
62, 26, 4269
62, 27, 4129
62, 28, 3853
62, 29, 3769
62, 30, 4733
62, 31, 4377
62, 32, 4545
62, 33, 4613
62, 34, 4581
62, 35, 5181
62, 36, 5321
62, 37, 5025
62, 38, 5473
62, 39, 5189
62, 40, 5545
62, 41, 5985
62, 42, 5629
62, 43, 6129
62, 44, 6305
62, 45, 5661
62, 46, 6429
62, 47, 6741
62, 48, 6565
62, 49, 6641
62, 50, 7165
62, 51, 7101
62, 52, 7081
62, 53, 7469
62, 54, 7181
62, 55, 7585
62, 56, 7389
62, 57, 7985
62, 58, 7761
62, 59, 8177
62, 60, 8117
62, 61, 8313
62, 62, 8313
63, 1, 341
63, 2, 669
63, 3, 793
63, 4, 969
63, 5, 1141
63, 6, 913
63, 7, 1061
63, 8, 1297
63, 9, 1525
63, 10, 1741
63, 11, 1681
63, 12, 1921
63, 13, 1745
63, 14, 2445
63, 15, 1945
63, 16, 2069
63, 17, 2421
63, 18, 3193
63, 19, 2945
63, 20, 2829
63, 21, 3261
63, 22, 3697
63, 23, 3373
63, 24, 3645
63, 25, 3489
63, 26, 3585
63, 27, 3893
63, 28, 3869
63, 29, 4121
63, 30, 3869
63, 31, 4149
63, 32, 4549
63, 33, 4333
63, 34, 5173
63, 35, 4649
63, 36, 5317
63, 37, 5569
63, 38, 5337
63, 39, 5205
63, 40, 5317
63, 41, 5773
63, 42, 5449
63, 43, 5641
63, 44, 5649
63, 45, 6197
63, 46, 6021
63, 47, 6649
63, 48, 6829
63, 49, 6745
63, 50, 6861
63, 51, 7061
63, 52, 7485
63, 53, 7073
63, 54, 7701
63, 55, 7945
63, 56, 7929
63, 57, 8169
63, 58, 8257
63, 59, 8109
63, 60, 8093
63, 61, 8481
63, 62, 8573
63, 63, 8573
64, 1, 385
64, 2, 477
64, 3, 981
64, 4, 617
64, 5, 1029
64, 6, 1173
64, 7, 1385
64, 8, 1625
64, 9, 1589
64, 10, 1921
64, 11, 1901
64, 12, 2209
64, 13, 1961
64, 14, 2369
64, 15, 1913
64, 16, 2697
64, 17, 2341
64, 18, 2549
64, 19, 2601
64, 20, 3237
64, 21, 3025
64, 22, 3473
64, 23, 3125
64, 24, 3781
64, 25, 3697
64, 26, 4221
64, 27, 3977
64, 28, 3681
64, 29, 4189
64, 30, 4885
64, 31, 4745
64, 32, 4533
64, 33, 4597
64, 34, 4765
64, 35, 5137
64, 36, 5225
64, 37, 5477
64, 38, 5973
64, 39, 5521
64, 40, 6217
64, 41, 5721
64, 42, 6077
64, 43, 6205
64, 44, 5525
64, 45, 5897
64, 46, 6601
64, 47, 6325
64, 48, 6741
64, 49, 6845
64, 50, 6945
64, 51, 7361
64, 52, 7201
64, 53, 7737
64, 54, 7397
64, 55, 7785
64, 56, 7945
64, 57, 7941
64, 58, 8537
64, 59, 8233
64, 60, 8461
64, 61, 8589
64, 62, 8737
64, 63, 8837
64, 64, 8837
65, 1, 329
65, 2, 721
65, 3, 1077
65, 4, 861
65, 5, 1109
65, 6, 1141
65, 7, 1465
65, 8, 1145
65, 9, 1509
65, 10, 2061
65, 11, 1909
65, 12, 2405
65, 13, 2433
65, 14, 2473
65, 15, 2305
65, 16, 2533
65, 17, 2861
65, 18, 2733
65, 19, 2633
65, 20, 3449
65, 21, 3301
65, 22, 3301
65, 23, 3689
65, 24, 3821
65, 25, 3473
65, 26, 4297
65, 27, 4145
65, 28, 4277
65, 29, 4369
65, 30, 4973
65, 31, 4533
65, 32, 4769
65, 33, 4617
65, 34, 5321
65, 35, 5669
65, 36, 5001
65, 37, 5221
65, 38, 5565
65, 39, 6081
65, 40, 5821
65, 41, 6049
65, 42, 6241
65, 43, 6141
65, 44, 6357
65, 45, 6865
65, 46, 6661
65, 47, 6537
65, 48, 6741
65, 49, 6929
65, 50, 6969
65, 51, 7497
65, 52, 7869
65, 53, 7465
65, 54, 7637
65, 55, 7765
65, 56, 8257
65, 57, 8445
65, 58, 8197
65, 59, 8273
65, 60, 8681
65, 61, 8665
65, 62, 8745
65, 63, 8949
65, 64, 9105
65, 65, 9105
66, 1, 345
66, 2, 505
66, 3, 697
66, 4, 1025
66, 5, 997
66, 6, 817
66, 7, 1485
66, 8, 1601
66, 9, 1421
66, 10, 1565
66, 11, 2065
66, 12, 1833
66, 13, 2373
66, 14, 2425
66, 15, 2453
66, 16, 2197
66, 17, 2481
66, 18, 2925
66, 19, 3165
66, 20, 2689
66, 21, 3085
66, 22, 3425
66, 23, 3449
66, 24, 3921
66, 25, 3833
66, 26, 4309
66, 27, 3825
66, 28, 4461
66, 29, 4493
66, 30, 4601
66, 31, 4769
66, 32, 5569
66, 33, 4641
66, 34, 4933
66, 35, 5493
66, 36, 6229
66, 37, 5585
66, 38, 5937
66, 39, 5953
66, 40, 5617
66, 41, 6337
66, 42, 6041
66, 43, 6253
66, 44, 6761
66, 45, 6733
66, 46, 7345
66, 47, 7349
66, 48, 6957
66, 49, 7181
66, 50, 7485
66, 51, 7897
66, 52, 7305
66, 53, 7725
66, 54, 7693
66, 55, 8025
66, 56, 7689
66, 57, 8109
66, 58, 8321
66, 59, 8397
66, 60, 8477
66, 61, 8581
66, 62, 9105
66, 63, 9053
66, 64, 9361
66, 65, 9377
66, 66, 9377
67, 1, 445
67, 2, 821
67, 3, 901
67, 4, 865
67, 5, 1229
67, 6, 1393
67, 7, 1173
67, 8, 1449
67, 9, 1505
67, 10, 1573
67, 11, 1825
67, 12, 2321
67, 13, 2569
67, 14, 2277
67, 15, 2585
67, 16, 2741
67, 17, 2345
67, 18, 3201
67, 19, 3625
67, 20, 3373
67, 21, 3405
67, 22, 4121
67, 23, 3661
67, 24, 3733
67, 25, 4173
67, 26, 3701
67, 27, 4573
67, 28, 3545
67, 29, 3997
67, 30, 4857
67, 31, 4917
67, 32, 5077
67, 33, 5581
67, 34, 5301
67, 35, 5481
67, 36, 5037
67, 37, 6165
67, 38, 6013
67, 39, 5997
67, 40, 6101
67, 41, 5721
67, 42, 6681
67, 43, 6397
67, 44, 6577
67, 45, 6673
67, 46, 6341
67, 47, 6685
67, 48, 7853
67, 49, 7061
67, 50, 6785
67, 51, 6785
67, 52, 7565
67, 53, 7953
67, 54, 8237
67, 55, 7989
67, 56, 7765
67, 57, 8093
67, 58, 8365
67, 59, 8793
67, 60, 8621
67, 61, 8993
67, 62, 9193
67, 63, 9221
67, 64, 9565
67, 65, 9537
67, 66, 9653
67, 67, 9653
68, 1, 489
68, 2, 465
68, 3, 1249
68, 4, 877
68, 5, 1425
68, 6, 1321
68, 7, 1489
68, 8, 1673
68, 9, 1737
68, 10, 1849
68, 11, 2093
68, 12, 2077
68, 13, 2445
68, 14, 2089
68, 15, 2349
68, 16, 3277
68, 17, 2581
68, 18, 3121
68, 19, 2841
68, 20, 3025
68, 21, 3413
68, 22, 3561
68, 23, 3897
68, 24, 3529
68, 25, 4317
68, 26, 4101
68, 27, 4101
68, 28, 4881
68, 29, 4701
68, 30, 4457
68, 31, 5033
68, 32, 4845
68, 33, 5169
68, 34, 5077
68, 35, 5057
68, 36, 5905
68, 37, 5477
68, 38, 6161
68, 39, 6161
68, 40, 6101
68, 41, 6269
68, 42, 6149
68, 43, 6709
68, 44, 6981
68, 45, 6777
68, 46, 6757
68, 47, 7017
68, 48, 7425
68, 49, 7641
68, 50, 7265
68, 51, 7589
68, 52, 7405
68, 53, 7853
68, 54, 8381
68, 55, 8197
68, 56, 8697
68, 57, 8437
68, 58, 8817
68, 59, 8749
68, 60, 9373
68, 61, 9009
68, 62, 9057
68, 63, 9457
68, 64, 9453
68, 65, 9721
68, 66, 9745
68, 67, 9933
68, 68, 9933
69, 1, 385
69, 2, 649
69, 3, 981
69, 4, 1269
69, 5, 1485
69, 6, 1245
69, 7, 1681
69, 8, 1693
69, 9, 1509
69, 10, 1677
69, 11, 2257
69, 12, 2025
69, 13, 2389
69, 14, 2437
69, 15, 2821
69, 16, 2465
69, 17, 2469
69, 18, 3533
69, 19, 3069
69, 20, 3605
69, 21, 4001
69, 22, 3769
69, 23, 3677
69, 24, 3853
69, 25, 3961
69, 26, 4181
69, 27, 4925
69, 28, 4537
69, 29, 3613
69, 30, 4161
69, 31, 5489
69, 32, 5085
69, 33, 5233
69, 34, 5949
69, 35, 5393
69, 36, 5933
69, 37, 5385
69, 38, 6309
69, 39, 6185
69, 40, 5961
69, 41, 6621
69, 42, 6561
69, 43, 6437
69, 44, 6205
69, 45, 6913
69, 46, 7029
69, 47, 7149
69, 48, 6973
69, 49, 7677
69, 50, 7553
69, 51, 7445
69, 52, 7841
69, 53, 7661
69, 54, 8517
69, 55, 8757
69, 56, 8909
69, 57, 8753
69, 58, 8249
69, 59, 9225
69, 60, 9073
69, 61, 8997
69, 62, 9181
69, 63, 9221
69, 64, 9549
69, 65, 9961
69, 66, 10013
69, 67, 10141
69, 68, 10217
69, 69, 10217
70, 1, 445
70, 2, 773
70, 3, 1261
70, 4, 733
70, 5, 917
70, 6, 1461
70, 7, 1485
70, 8, 1769
70, 9, 1409
70, 10, 1705
70, 11, 1733
70, 12, 2509
70, 13, 2737
70, 14, 2233
70, 15, 2677
70, 16, 2493
70, 17, 2937
70, 18, 2997
70, 19, 2869
70, 20, 4037
70, 21, 3145
70, 22, 3541
70, 23, 3557
70, 24, 4089
70, 25, 4253
70, 26, 3865
70, 27, 4397
70, 28, 4849
70, 29, 4569
70, 30, 4521
70, 31, 4933
70, 32, 5129
70, 33, 4757
70, 34, 5217
70, 35, 5509
70, 36, 5281
70, 37, 5373
70, 38, 6177
70, 39, 5725
70, 40, 6573
70, 41, 6565
70, 42, 6505
70, 43, 6705
70, 44, 6857
70, 45, 6889
70, 46, 7813
70, 47, 7053
70, 48, 7709
70, 49, 7329
70, 50, 7157
70, 51, 7389
70, 52, 8321
70, 53, 7657
70, 54, 8301
70, 55, 8673
70, 56, 8753
70, 57, 8909
70, 58, 8869
70, 59, 9125
70, 60, 9205
70, 61, 8937
70, 62, 9593
70, 63, 9581
70, 64, 9601
70, 65, 9945
70, 66, 10241
70, 67, 10325
70, 68, 10281
70, 69, 10505
70, 70, 10505
71, 1, 505
71, 2, 1053
71, 3, 445
71, 4, 765
71, 5, 1105
71, 6, 1057
71, 7, 1325
71, 8, 1713
71, 9, 1917
71, 10, 1945
71, 11, 2433
71, 12, 2233
71, 13, 1853
71, 14, 2633
71, 15, 2785
71, 16, 2893
71, 17, 2229
71, 18, 3321
71, 19, 3177
71, 20, 3165
71, 21, 3321
71, 22, 4165
71, 23, 3997
71, 24, 3633
71, 25, 4513
71, 26, 5333
71, 27, 4149
71, 28, 4717
71, 29, 5101
71, 30, 4897
71, 31, 5281
71, 32, 4581
71, 33, 5413
71, 34, 5697
71, 35, 5309
71, 36, 6837
71, 37, 6525
71, 38, 5937
71, 39, 6045
71, 40, 6549
71, 41, 6445
71, 42, 6665
71, 43, 6705
71, 44, 7585
71, 45, 7365
71, 46, 7033
71, 47, 7061
71, 48, 7353
71, 49, 7205
71, 50, 7385
71, 51, 7861
71, 52, 7925
71, 53, 8101
71, 54, 8289
71, 55, 8633
71, 56, 8457
71, 57, 8417
71, 58, 9081
71, 59, 9233
71, 60, 9485
71, 61, 9485
71, 62, 9541
71, 63, 9925
71, 64, 9749
71, 65, 9793
71, 66, 10477
71, 67, 10297
71, 68, 10709
71, 69, 10633
71, 70, 10797
71, 71, 10797
72, 1, 337
72, 2, 433
72, 3, 781
72, 4, 1009
72, 5, 961
72, 6, 1277
72, 7, 1413
72, 8, 1457
72, 9, 1773
72, 10, 2105
72, 11, 2173
72, 12, 2329
72, 13, 2589
72, 14, 2813
72, 15, 2845
72, 16, 2901
72, 17, 2933
72, 18, 3125
72, 19, 3585
72, 20, 3213
72, 21, 3977
72, 22, 3909
72, 23, 3341
72, 24, 4053
72, 25, 3993
72, 26, 4857
72, 27, 4225
72, 28, 4601
72, 29, 4257
72, 30, 4641
72, 31, 6001
72, 32, 5377
72, 33, 4821
72, 34, 5761
72, 35, 5701
72, 36, 5313
72, 37, 5693
72, 38, 5649
72, 39, 6309
72, 40, 6269
72, 41, 6629
72, 42, 6365
72, 43, 7337
72, 44, 6905
72, 45, 6653
72, 46, 7005
72, 47, 7449
72, 48, 8089
72, 49, 7969
72, 50, 7893
72, 51, 7877
72, 52, 8505
72, 53, 8189
72, 54, 8685
72, 55, 8873
72, 56, 8333
72, 57, 9197
72, 58, 9385
72, 59, 8973
72, 60, 9541
72, 61, 9365
72, 62, 9869
72, 63, 9757
72, 64, 9861
72, 65, 10117
72, 66, 10377
72, 67, 10389
72, 68, 10989
72, 69, 10689
72, 70, 10969
72, 71, 11093
72, 72, 11093
73, 1, 381
73, 2, 717
73, 3, 961
73, 4, 869
73, 5, 1033
73, 6, 1197
73, 7, 1813
73, 8, 1357
73, 9, 2145
73, 10, 2037
73, 11, 2041
73, 12, 2217
73, 13, 2477
73, 14, 2681
73, 15, 3089
73, 16, 3077
73, 17, 3097
73, 18, 3517
73, 19, 3485
73, 20, 3981
73, 21, 4133
73, 22, 3825
73, 23, 3585
73, 24, 3881
73, 25, 4549
73, 26, 4485
73, 27, 5305
73, 28, 4477
73, 29, 4709
73, 30, 4653
73, 31, 4637
73, 32, 5493
73, 33, 5633
73, 34, 5565
73, 35, 5985
73, 36, 5773
73, 37, 6561
73, 38, 6489
73, 39, 6421
73, 40, 6617
73, 41, 5941
73, 42, 7129
73, 43, 6773
73, 44, 7273
73, 45, 7829
73, 46, 6917
73, 47, 7201
73, 48, 8373
73, 49, 7653
73, 50, 7701
73, 51, 7493
73, 52, 7925
73, 53, 8173
73, 54, 8137
73, 55, 8637
73, 56, 9405
73, 57, 9101
73, 58, 9245
73, 59, 9765
73, 60, 9421
73, 61, 9777
73, 62, 9693
73, 63, 10485
73, 64, 10573
73, 65, 10301
73, 66, 10149
73, 67, 10549
73, 68, 11017
73, 69, 10961
73, 70, 11089
73, 71, 11185
73, 72, 11393
73, 73, 11393
74, 1, 429
74, 2, 685
74, 3, 1209
74, 4, 1357
74, 5, 993
74, 6, 1353
74, 7, 1277
74, 8, 1825
74, 9, 1509
74, 10, 1941
74, 11, 1813
74, 12, 2285
74, 13, 2809
74, 14, 2597
74, 15, 2709
74, 16, 3021
74, 17, 2861
74, 18, 3697
74, 19, 3553
74, 20, 3565
74, 21, 3745
74, 22, 4157
74, 23, 3537
74, 24, 4217
74, 25, 4081
74, 26, 4521
74, 27, 5013
74, 28, 4397
74, 29, 4725
74, 30, 5169
74, 31, 6197
74, 32, 4865
74, 33, 5345
74, 34, 5229
74, 35, 5857
74, 36, 5721
74, 37, 6401
74, 38, 6565
74, 39, 6009
74, 40, 7265
74, 41, 7017
74, 42, 6757
74, 43, 6913
74, 44, 7417
74, 45, 6781
74, 46, 7333
74, 47, 7589
74, 48, 7173
74, 49, 8305
74, 50, 8525
74, 51, 8721
74, 52, 9309
74, 53, 8697
74, 54, 8673
74, 55, 9137
74, 56, 9257
74, 57, 9345
74, 58, 9153
74, 59, 9313
74, 60, 9561
74, 61, 9985
74, 62, 10197
74, 63, 10641
74, 64, 10321
74, 65, 10337
74, 66, 10681
74, 67, 10881
74, 68, 11065
74, 69, 11037
74, 70, 11169
74, 71, 11213
74, 72, 11521
74, 73, 11697
74, 74, 11697
75, 1, 329
75, 2, 549
75, 3, 769
75, 4, 1073
75, 5, 1165
75, 6, 1389
75, 7, 1965
75, 8, 1869
75, 9, 2253
75, 10, 2209
75, 11, 2389
75, 12, 2493
75, 13, 2329
75, 14, 2977
75, 15, 2697
75, 16, 3121
75, 17, 3013
75, 18, 2701
75, 19, 4233
75, 20, 3753
75, 21, 3617
75, 22, 4185
75, 23, 4393
75, 24, 4557
75, 25, 4365
75, 26, 5245
75, 27, 4425
75, 28, 4765
75, 29, 5209
75, 30, 5401
75, 31, 5465
75, 32, 5749
75, 33, 6609
75, 34, 6045
75, 35, 6313
75, 36, 6501
75, 37, 6657
75, 38, 6753
75, 39, 6589
75, 40, 6981
75, 41, 7497
75, 42, 6609
75, 43, 7357
75, 44, 7221
75, 45, 6905
75, 46, 7033
75, 47, 8057
75, 48, 7885
75, 49, 7649
75, 50, 8201
75, 51, 7897
75, 52, 8585
75, 53, 8653
75, 54, 8545
75, 55, 8805
75, 56, 9049
75, 57, 9629
75, 58, 9781
75, 59, 9501
75, 60, 9477
75, 61, 9777
75, 62, 10413
75, 63, 10321
75, 64, 10241
75, 65, 10669
75, 66, 10661
75, 67, 10993
75, 68, 10725
75, 69, 11325
75, 70, 11437
75, 71, 11349
75, 72, 11801
75, 73, 11805
75, 74, 12005
75, 75, 12005
76, 1, 537
76, 2, 709
76, 3, 857
76, 4, 969
76, 5, 1705
76, 6, 1261
76, 7, 1353
76, 8, 2109
76, 9, 1505
76, 10, 2105
76, 11, 2257
76, 12, 2441
76, 13, 1857
76, 14, 2909
76, 15, 3005
76, 16, 2773
76, 17, 3101
76, 18, 2893
76, 19, 3213
76, 20, 3553
76, 21, 4325
76, 22, 3669
76, 23, 3613
76, 24, 3977
76, 25, 4141
76, 26, 4833
76, 27, 4525
76, 28, 5153
76, 29, 4941
76, 30, 5517
76, 31, 5609
76, 32, 5145
76, 33, 5605
76, 34, 5777
76, 35, 6053
76, 36, 6585
76, 37, 6213
76, 38, 6181
76, 39, 6781
76, 40, 6261
76, 41, 6241
76, 42, 6917
76, 43, 6753
76, 44, 7833
76, 45, 8009
76, 46, 7545
76, 47, 7033
76, 48, 7909
76, 49, 8425
76, 50, 8277
76, 51, 8201
76, 52, 8609
76, 53, 9061
76, 54, 8733
76, 55, 9353
76, 56, 9553
76, 57, 9661
76, 58, 9621
76, 59, 9557
76, 60, 10049
76, 61, 10509
76, 62, 10317
76, 63, 10261
76, 64, 10641
76, 65, 11001
76, 66, 10729
76, 67, 11057
76, 68, 11477
76, 69, 11497
76, 70, 11077
76, 71, 11733
76, 72, 12077
76, 73, 12085
76, 74, 12073
76, 75, 12317
76, 76, 12317
77, 1, 437
77, 2, 1013
77, 3, 917
77, 4, 1229
77, 5, 1157
77, 6, 1373
77, 7, 1689
77, 8, 1561
77, 9, 1817
77, 10, 2029
77, 11, 2077
77, 12, 2637
77, 13, 2909
77, 14, 3061
77, 15, 3049
77, 16, 3269
77, 17, 3317
77, 18, 3401
77, 19, 2901
77, 20, 3801
77, 21, 4021
77, 22, 4337
77, 23, 3809
77, 24, 4257
77, 25, 4453
77, 26, 4881
77, 27, 4673
77, 28, 5257
77, 29, 5449
77, 30, 5405
77, 31, 5989
77, 32, 6177
77, 33, 5561
77, 34, 5881
77, 35, 5641
77, 36, 6269
77, 37, 6025
77, 38, 6469
77, 39, 7461
77, 40, 7001
77, 41, 7777
77, 42, 7381
77, 43, 7193
77, 44, 7849
77, 45, 7949
77, 46, 7509
77, 47, 7593
77, 48, 7229
77, 49, 7817
77, 50, 8665
77, 51, 8413
77, 52, 8705
77, 53, 8585
77, 54, 9201
77, 55, 8961
77, 56, 9657
77, 57, 9125
77, 58, 9261
77, 59, 9813
77, 60, 10145
77, 61, 10609
77, 62, 11145
77, 63, 10669
77, 64, 10493
77, 65, 10917
77, 66, 10777
77, 67, 10781
77, 68, 11257
77, 69, 11781
77, 70, 11633
77, 71, 11673
77, 72, 12041
77, 73, 12057
77, 74, 12321
77, 75, 12457
77, 76, 12633
77, 77, 12633
78, 1, 625
78, 2, 617
78, 3, 509
78, 4, 1457
78, 5, 1753
78, 6, 1753
78, 7, 1213
78, 8, 1813
78, 9, 1829
78, 10, 2605
78, 11, 2221
78, 12, 2629
78, 13, 2529
78, 14, 2825
78, 15, 2557
78, 16, 3381
78, 17, 3109
78, 18, 3509
78, 19, 3713
78, 20, 3897
78, 21, 4317
78, 22, 3817
78, 23, 3601
78, 24, 4689
78, 25, 4597
78, 26, 4477
78, 27, 5365
78, 28, 4981
78, 29, 4301
78, 30, 5253
78, 31, 4953
78, 32, 5137
78, 33, 5741
78, 34, 5841
78, 35, 5889
78, 36, 6181
78, 37, 6549
78, 38, 7049
78, 39, 7017
78, 40, 7197
78, 41, 8613
78, 42, 6869
78, 43, 7109
78, 44, 7409
78, 45, 7769
78, 46, 8373
78, 47, 8221
78, 48, 8549
78, 49, 8313
78, 50, 8505
78, 51, 8861
78, 52, 9109
78, 53, 9201
78, 54, 9161
78, 55, 9181
78, 56, 8997
78, 57, 9685
78, 58, 9985
78, 59, 10581
78, 60, 10145
78, 61, 10697
78, 62, 10761
78, 63, 10889
78, 64, 10265
78, 65, 10949
78, 66, 10949
78, 67, 11613
78, 68, 11165
78, 69, 12149
78, 70, 11613
78, 71, 12401
78, 72, 12189
78, 73, 12309
78, 74, 12537
78, 75, 12685
78, 76, 12785
78, 77, 12953
78, 78, 12953
79, 1, 461
79, 2, 561
79, 3, 1125
79, 4, 837
79, 5, 1093
79, 6, 1277
79, 7, 1837
79, 8, 2017
79, 9, 2085
79, 10, 2225
79, 11, 2493
79, 12, 1929
79, 13, 2789
79, 14, 2893
79, 15, 2797
79, 16, 2173
79, 17, 3537
79, 18, 3381
79, 19, 3905
79, 20, 3893
79, 21, 3809
79, 22, 4145
79, 23, 5009
79, 24, 3597
79, 25, 5081
79, 26, 5069
79, 27, 5245
79, 28, 5281
79, 29, 4801
79, 30, 6249
79, 31, 6125
79, 32, 5097
79, 33, 5889
79, 34, 6221
79, 35, 6445
79, 36, 6705
79, 37, 5949
79, 38, 7001
79, 39, 6725
79, 40, 6629
79, 41, 6685
79, 42, 6621
79, 43, 7657
79, 44, 7857
79, 45, 8249
79, 46, 8045
79, 47, 8885
79, 48, 8041
79, 49, 8601
79, 50, 8981
79, 51, 8817
79, 52, 9101
79, 53, 8973
79, 54, 9129
79, 55, 9181
79, 56, 9205
79, 57, 9789
79, 58, 10513
79, 59, 10709
79, 60, 10305
79, 61, 10569
79, 62, 10885
79, 63, 11369
79, 64, 10709
79, 65, 11061
79, 66, 11541
79, 67, 11621
79, 68, 11529
79, 69, 11665
79, 70, 11669
79, 71, 12281
79, 72, 12389
79, 73, 12533
79, 74, 12797
79, 75, 12649
79, 76, 13225
79, 77, 13081
79, 78, 13277
79, 79, 13277
80, 1, 517
80, 2, 705
80, 3, 941
80, 4, 493
80, 5, 1537
80, 6, 1209
80, 7, 1397
80, 8, 1581
80, 9, 2085
80, 10, 2429
80, 11, 2589
80, 12, 2609
80, 13, 2853
80, 14, 3133
80, 15, 2917
80, 16, 2577
80, 17, 3289
80, 18, 3337
80, 19, 3425
80, 20, 3477
80, 21, 3693
80, 22, 4489
80, 23, 4713
80, 24, 4477
80, 25, 4381
80, 26, 4321
80, 27, 4501
80, 28, 4861
80, 29, 4637
80, 30, 5865
80, 31, 4397
80, 32, 6017
80, 33, 5729
80, 34, 6265
80, 35, 6325
80, 36, 7037
80, 37, 6141
80, 38, 6673
80, 39, 6245
80, 40, 7505
80, 41, 8325
80, 42, 7257
80, 43, 7517
80, 44, 7505
80, 45, 8373
80, 46, 8937
80, 47, 8081
80, 48, 8729
80, 49, 9129
80, 50, 8293
80, 51, 9497
80, 52, 9137
80, 53, 9205
80, 54, 9621
80, 55, 9777
80, 56, 9669
80, 57, 10033
80, 58, 10893
80, 59, 10237
80, 60, 10341
80, 61, 10317
80, 62, 10505
80, 63, 11201
80, 64, 10929
80, 65, 11029
80, 66, 12033
80, 67, 11589
80, 68, 11825
80, 69, 12181
80, 70, 11665
80, 71, 12197
80, 72, 12373
80, 73, 12093
80, 74, 12545
80, 75, 13005
80, 76, 13349
80, 77, 13281
80, 78, 13569
80, 79, 13605
80, 80, 13605
81, 1, 609
81, 2, 669
81, 3, 833
81, 4, 1361
81, 5, 1309
81, 6, 1585
81, 7, 1373
81, 8, 1781
81, 9, 1621
81, 10, 2961
81, 11, 2253
81, 12, 2945
81, 13, 2197
81, 14, 3189
81, 15, 2401
81, 16, 2737
81, 17, 2837
81, 18, 3181
81, 19, 3821
81, 20, 3133
81, 21, 3765
81, 22, 4537
81, 23, 5309
81, 24, 4549
81, 25, 5037
81, 26, 5173
81, 27, 4913
81, 28, 4789
81, 29, 5609
81, 30, 5577
81, 31, 5449
81, 32, 5641
81, 33, 6057
81, 34, 6537
81, 35, 6589
81, 36, 6453
81, 37, 5681
81, 38, 6333
81, 39, 7669
81, 40, 6609
81, 41, 8473
81, 42, 6961
81, 43, 7597
81, 44, 7845
81, 45, 8541
81, 46, 8741
81, 47, 8709
81, 48, 8581
81, 49, 8357
81, 50, 8869
81, 51, 8569
81, 52, 9153
81, 53, 9673
81, 54, 9201
81, 55, 9425
81, 56, 10009
81, 57, 9985
81, 58, 10133
81, 59, 10381
81, 60, 10333
81, 61, 10429
81, 62, 10285
81, 63, 10549
81, 64, 11321
81, 65, 10909
81, 66, 11593
81, 67, 11841
81, 68, 12369
81, 69, 12537
81, 70, 12221
81, 71, 12053
81, 72, 12113
81, 73, 12701
81, 74, 13121
81, 75, 13269
81, 76, 13261
81, 77, 13317
81, 78, 13597
81, 79, 13789
81, 80, 13937
81, 81, 13937
82, 1, 609
82, 2, 825
82, 3, 969
82, 4, 1097
82, 5, 1345
82, 6, 1781
82, 7, 1225
82, 8, 1773
82, 9, 1693
82, 10, 2137
82, 11, 2597
82, 12, 2353
82, 13, 2453
82, 14, 2569
82, 15, 2933
82, 16, 3429
82, 17, 3193
82, 18, 3641
82, 19, 4045
82, 20, 3769
82, 21, 3941
82, 22, 4069
82, 23, 4425
82, 24, 4625
82, 25, 5037
82, 26, 5229
82, 27, 4625
82, 28, 4925
82, 29, 5493
82, 30, 5637
82, 31, 6085
82, 32, 5789
82, 33, 5581
82, 34, 6889
82, 35, 6289
82, 36, 6997
82, 37, 5617
82, 38, 7185
82, 39, 7889
82, 40, 7821
82, 41, 6877
82, 42, 7401
82, 43, 7025
82, 44, 7969
82, 45, 8365
82, 46, 8173
82, 47, 8633
82, 48, 8593
82, 49, 7789
82, 50, 8821
82, 51, 9297
82, 52, 9153
82, 53, 9677
82, 54, 10133
82, 55, 9905
82, 56, 9449
82, 57, 10401
82, 58, 9685
82, 59, 11033
82, 60, 10809
82, 61, 10665
82, 62, 11133
82, 63, 11337
82, 64, 11505
82, 65, 11637
82, 66, 11489
82, 67, 11653
82, 68, 11929
82, 69, 12185
82, 70, 12369
82, 71, 12885
82, 72, 13077
82, 73, 12853
82, 74, 12709
82, 75, 13453
82, 76, 13349
82, 77, 13501
82, 78, 13761
82, 79, 14033
82, 80, 13969
82, 81, 14273
82, 82, 14273
83, 1, 533
83, 2, 913
83, 3, 1025
83, 4, 1069
83, 5, 853
83, 6, 1753
83, 7, 1877
83, 8, 2057
83, 9, 1685
83, 10, 2581
83, 11, 2865
83, 12, 2881
83, 13, 2033
83, 14, 3229
83, 15, 2549
83, 16, 3553
83, 17, 3313
83, 18, 3625
83, 19, 4001
83, 20, 3641
83, 21, 4453
83, 22, 4725
83, 23, 4849
83, 24, 4577
83, 25, 4557
83, 26, 4585
83, 27, 4801
83, 28, 5873
83, 29, 5673
83, 30, 6417
83, 31, 5521
83, 32, 5993
83, 33, 5805
83, 34, 7593
83, 35, 6401
83, 36, 6281
83, 37, 6789
83, 38, 7009
83, 39, 7257
83, 40, 7829
83, 41, 7897
83, 42, 7481
83, 43, 6889
83, 44, 7757
83, 45, 8281
83, 46, 8117
83, 47, 8101
83, 48, 8941
83, 49, 8369
83, 50, 8681
83, 51, 8953
83, 52, 9717
83, 53, 9617
83, 54, 9977
83, 55, 10537
83, 56, 10141
83, 57, 10137
83, 58, 10505
83, 59, 11213
83, 60, 10901
83, 61, 11517
83, 62, 11257
83, 63, 11341
83, 64, 11425
83, 65, 11977
83, 66, 11461
83, 67, 12345
83, 68, 12057
83, 69, 11557
83, 70, 12665
83, 71, 12077
83, 72, 13145
83, 73, 13013
83, 74, 12941
83, 75, 13209
83, 76, 13577
83, 77, 13933
83, 78, 13645
83, 79, 14321
83, 80, 14405
83, 81, 14533
83, 82, 14613
83, 83, 14613
84, 1, 645
84, 2, 661
84, 3, 1009
84, 4, 1289
84, 5, 1121
84, 6, 1373
84, 7, 1341
84, 8, 1969
84, 9, 1921
84, 10, 2533
84, 11, 1981
84, 12, 3145
84, 13, 2501
84, 14, 2945
84, 15, 2589
84, 16, 3261
84, 17, 2677
84, 18, 3649
84, 19, 3837
84, 20, 3221
84, 21, 4129
84, 22, 4481
84, 23, 4469
84, 24, 4889
84, 25, 4373
84, 26, 5649
84, 27, 4837
84, 28, 5265
84, 29, 5117
84, 30, 4989
84, 31, 5721
84, 32, 6421
84, 33, 5737
84, 34, 6765
84, 35, 6561
84, 36, 6485
84, 37, 7849
84, 38, 7241
84, 39, 7965
84, 40, 6497
84, 41, 7677
84, 42, 6801
84, 43, 7129
84, 44, 8085
84, 45, 8269
84, 46, 8881
84, 47, 9413
84, 48, 8629
84, 49, 8981
84, 50, 9101
84, 51, 9989
84, 52, 9653
84, 53, 9693
84, 54, 10101
84, 55, 10185
84, 56, 11025
84, 57, 9281
84, 58, 11105
84, 59, 11617
84, 60, 11157
84, 61, 11621
84, 62, 11057
84, 63, 11465
84, 64, 11505
84, 65, 11977
84, 66, 11721
84, 67, 11933
84, 68, 12313
84, 69, 12697
84, 70, 12341
84, 71, 12925
84, 72, 13285
84, 73, 13113
84, 74, 13345
84, 75, 13413
84, 76, 13685
84, 77, 14001
84, 78, 14177
84, 79, 14253
84, 80, 14513
84, 81, 14413
84, 82, 14901
84, 83, 14957
84, 84, 14957
85, 1, 533
85, 2, 885
85, 3, 917
85, 4, 1201
85, 5, 1029
85, 6, 2069
85, 7, 1605
85, 8, 1589
85, 9, 2085
85, 10, 2037
85, 11, 2933
85, 12, 2949
85, 13, 2721
85, 14, 3357
85, 15, 3337
85, 16, 3217
85, 17, 3649
85, 18, 3325
85, 19, 4501
85, 20, 4057
85, 21, 4361
85, 22, 4241
85, 23, 4829
85, 24, 4333
85, 25, 4657
85, 26, 5285
85, 27, 4745
85, 28, 5053
85, 29, 5497
85, 30, 5049
85, 31, 5657
85, 32, 6265
85, 33, 5741
85, 34, 6669
85, 35, 6533
85, 36, 7129
85, 37, 7185
85, 38, 6685
85, 39, 7037
85, 40, 7301
85, 41, 8105
85, 42, 8541
85, 43, 8449
85, 44, 7997
85, 45, 8009
85, 46, 8101
85, 47, 8349
85, 48, 8501
85, 49, 9117
85, 50, 8357
85, 51, 9721
85, 52, 10317
85, 53, 9941
85, 54, 10369
85, 55, 10165
85, 56, 10293
85, 57, 10769
85, 58, 10641
85, 59, 11405
85, 60, 10561
85, 61, 11181
85, 62, 11317
85, 63, 11545
85, 64, 11185
85, 65, 11925
85, 66, 12217
85, 67, 12245
85, 68, 12137
85, 69, 12637
85, 70, 13493
85, 71, 13577
85, 72, 13157
85, 73, 13669
85, 74, 13441
85, 75, 13333
85, 76, 13909
85, 77, 13941
85, 78, 14525
85, 79, 14125
85, 80, 14361
85, 81, 14789
85, 82, 15045
85, 83, 15045
85, 84, 15305
85, 85, 15305
86, 1, 529
86, 2, 897
86, 3, 809
86, 4, 1289
86, 5, 1633
86, 6, 1369
86, 7, 1405
86, 8, 2489
86, 9, 1853
86, 10, 2365
86, 11, 2821
86, 12, 2677
86, 13, 2953
86, 14, 2725
86, 15, 2893
86, 16, 3461
86, 17, 4017
86, 18, 3901
86, 19, 3793
86, 20, 4001
86, 21, 4665
86, 22, 4393
86, 23, 4833
86, 24, 4393
86, 25, 4949
86, 26, 5197
86, 27, 5497
86, 28, 5865
86, 29, 5045
86, 30, 5697
86, 31, 5021
86, 32, 6273
86, 33, 6861
86, 34, 6061
86, 35, 6381
86, 36, 7357
86, 37, 7113
86, 38, 7957
86, 39, 7577
86, 40, 7817
86, 41, 7469
86, 42, 8437
86, 43, 7909
86, 44, 7981
86, 45, 8661
86, 46, 8913
86, 47, 8925
86, 48, 8381
86, 49, 9085
86, 50, 9353
86, 51, 9737
86, 52, 10209
86, 53, 9249
86, 54, 10585
86, 55, 11013
86, 56, 10469
86, 57, 10597
86, 58, 10621
86, 59, 10489
86, 60, 11129
86, 61, 11437
86, 62, 11941
86, 63, 11609
86, 64, 12093
86, 65, 12713
86, 66, 12577
86, 67, 12365
86, 68, 12973
86, 69, 12013
86, 70, 12881
86, 71, 13661
86, 72, 12853
86, 73, 13573
86, 74, 14277
86, 75, 13625
86, 76, 13689
86, 77, 14445
86, 78, 14901
86, 79, 14941
86, 80, 14485
86, 81, 15045
86, 82, 15081
86, 83, 15337
86, 84, 15565
86, 85, 15657
86, 86, 15657
87, 1, 605
87, 2, 1005
87, 3, 973
87, 4, 1401
87, 5, 1513
87, 6, 1869
87, 7, 1841
87, 8, 1777
87, 9, 1469
87, 10, 2197
87, 11, 2465
87, 12, 3373
87, 13, 2745
87, 14, 3141
87, 15, 3441
87, 16, 3601
87, 17, 3933
87, 18, 4945
87, 19, 3649
87, 20, 4093
87, 21, 4317
87, 22, 4441
87, 23, 4849
87, 24, 4465
87, 25, 4365
87, 26, 5745
87, 27, 5737
87, 28, 5141
87, 29, 5293
87, 30, 6137
87, 31, 4869
87, 32, 6933
87, 33, 7061
87, 34, 6253
87, 35, 6533
87, 36, 6885
87, 37, 7321
87, 38, 6969
87, 39, 6741
87, 40, 6769
87, 41, 7653
87, 42, 7929
87, 43, 8841
87, 44, 8713
87, 45, 8377
87, 46, 9081
87, 47, 8929
87, 48, 8713
87, 49, 9249
87, 50, 9297
87, 51, 9449
87, 52, 10545
87, 53, 9753
87, 54, 10693
87, 55, 11293
87, 56, 10605
87, 57, 10909
87, 58, 10753
87, 59, 11305
87, 60, 11173
87, 61, 10789
87, 62, 11237
87, 63, 12009
87, 64, 12333
87, 65, 12653
87, 66, 12097
87, 67, 12841
87, 68, 12209
87, 69, 12733
87, 70, 13253
87, 71, 13525
87, 72, 13133
87, 73, 13305
87, 74, 13149
87, 75, 14033
87, 76, 14293
87, 77, 14061
87, 78, 14681
87, 79, 14693
87, 80, 14809
87, 81, 15089
87, 82, 15377
87, 83, 15641
87, 84, 15849
87, 85, 15901
87, 86, 16013
87, 87, 16013
88, 1, 449
88, 2, 809
88, 3, 881
88, 4, 893
88, 5, 1641
88, 6, 1221
88, 7, 1745
88, 8, 1821
88, 9, 2073
88, 10, 2361
88, 11, 1941
88, 12, 2845
88, 13, 2733
88, 14, 3093
88, 15, 3253
88, 16, 3541
88, 17, 3465
88, 18, 3953
88, 19, 3949
88, 20, 3753
88, 21, 4385
88, 22, 4153
88, 23, 4385
88, 24, 5229
88, 25, 5577
88, 26, 5721
88, 27, 4817
88, 28, 5873
88, 29, 6069
88, 30, 6349
88, 31, 5905
88, 32, 6273
88, 33, 6441
88, 34, 6705
88, 35, 6805
88, 36, 7193
88, 37, 7477
88, 38, 7541
88, 39, 7661
88, 40, 8177
88, 41, 8069
88, 42, 8317
88, 43, 7981
88, 44, 7981
88, 45, 9069
88, 46, 8873
88, 47, 8913
88, 48, 9469
88, 49, 9789
88, 50, 9565
88, 51, 9725
88, 52, 9213
88, 53, 10137
88, 54, 11257
88, 55, 10453
88, 56, 10413
88, 57, 11401
88, 58, 10405
88, 59, 11437
88, 60, 11133
88, 61, 11493
88, 62, 12077
88, 63, 12433
88, 64, 12585
88, 65, 12353
88, 66, 12545
88, 67, 11921
88, 68, 13161
88, 69, 13165
88, 70, 13117
88, 71, 14177
88, 72, 13901
88, 73, 13633
88, 74, 14421
88, 75, 14789
88, 76, 14189
88, 77, 14697
88, 78, 15181
88, 79, 15109
88, 80, 14997
88, 81, 14921
88, 82, 15549
88, 83, 15733
88, 84, 15445
88, 85, 16285
88, 86, 16049
88, 87, 16373
88, 88, 16373
89, 1, 469
89, 2, 1005
89, 3, 1305
89, 4, 1669
89, 5, 1397
89, 6, 1677
89, 7, 1913
89, 8, 2037
89, 9, 2329
89, 10, 2337
89, 11, 2317
89, 12, 2769
89, 13, 2849
89, 14, 2473
89, 15, 3213
89, 16, 3217
89, 17, 4137
89, 18, 3229
89, 19, 4569
89, 20, 4665
89, 21, 3705
89, 22, 4177
89, 23, 4581
89, 24, 4633
89, 25, 5289
89, 26, 3933
89, 27, 5173
89, 28, 6221
89, 29, 5421
89, 30, 6173
89, 31, 6813
89, 32, 6901
89, 33, 7045
89, 34, 6961
89, 35, 7405
89, 36, 5997
89, 37, 6125
89, 38, 7205
89, 39, 8181
89, 40, 8473
89, 41, 7621
89, 42, 8169
89, 43, 7629
89, 44, 8673
89, 45, 8917
89, 46, 9061
89, 47, 9309
89, 48, 8757
89, 49, 10189
89, 50, 9797
89, 51, 9781
89, 52, 10169
89, 53, 10769
89, 54, 9809
89, 55, 10641
89, 56, 10769
89, 57, 11033
89, 58, 9821
89, 59, 12541
89, 60, 11781
89, 61, 11457
89, 62, 12445
89, 63, 11825
89, 64, 11869
89, 65, 12597
89, 66, 12053
89, 67, 13073
89, 68, 12217
89, 69, 12241
89, 70, 13357
89, 71, 13317
89, 72, 13649
89, 73, 14141
89, 74, 14185
89, 75, 14085
89, 76, 14657
89, 77, 14505
89, 78, 14789
89, 79, 15253
89, 80, 14849
89, 81, 15337
89, 82, 15481
89, 83, 16017
89, 84, 16089
89, 85, 16249
89, 86, 16401
89, 87, 16405
89, 88, 16737
89, 89, 16737
90, 1, 677
90, 2, 749
90, 3, 845
90, 4, 973
90, 5, 1553
90, 6, 1217
90, 7, 1961
90, 8, 2105
90, 9, 1341
90, 10, 2145
90, 11, 2693
90, 12, 2377
90, 13, 2925
90, 14, 3253
90, 15, 3233
90, 16, 4097
90, 17, 3709
90, 18, 4053
90, 19, 3781
90, 20, 4985
90, 21, 4657
90, 22, 4485
90, 23, 4697
90, 24, 4417
90, 25, 4361
90, 26, 5893
90, 27, 5837
90, 28, 5913
90, 29, 5117
90, 30, 6485
90, 31, 7321
90, 32, 6657
90, 33, 6889
90, 34, 6965
90, 35, 7057
90, 36, 8105
90, 37, 8293
90, 38, 6721
90, 39, 8061
90, 40, 7177
90, 41, 7101
90, 42, 8409
90, 43, 8453
90, 44, 8833
90, 45, 8117
90, 46, 8457
90, 47, 9121
90, 48, 9313
90, 49, 9829
90, 50, 9873
90, 51, 9357
90, 52, 10289
90, 53, 9613
90, 54, 11033
90, 55, 11105
90, 56, 10809
90, 57, 10869
90, 58, 11005
90, 59, 11321
90, 60, 11545
90, 61, 11725
90, 62, 11757
90, 63, 12193
90, 64, 12629
90, 65, 13177
90, 66, 13245
90, 67, 12885
90, 68, 13065
90, 69, 13013
90, 70, 14193
90, 71, 13197
90, 72, 13429
90, 73, 14445
90, 74, 13789
90, 75, 13981
90, 76, 14721
90, 77, 14597
90, 78, 15261
90, 79, 15793
90, 80, 15101
90, 81, 15509
90, 82, 15741
90, 83, 15881
90, 84, 16341
90, 85, 16177
90, 86, 16261
90, 87, 16525
90, 88, 16893
90, 89, 17105
90, 90, 17105
91, 1, 385
91, 2, 1121
91, 3, 1065
91, 4, 1133
91, 5, 1301
91, 6, 1577
91, 7, 1649
91, 8, 1969
91, 9, 2265
91, 10, 2237
91, 11, 2469
91, 12, 2617
91, 13, 3169
91, 14, 2809
91, 15, 3005
91, 16, 3193
91, 17, 3793
91, 18, 3941
91, 19, 4229
91, 20, 3877
91, 21, 4137
91, 22, 4793
91, 23, 3681
91, 24, 4725
91, 25, 5613
91, 26, 4757
91, 27, 4761
91, 28, 5941
91, 29, 5685
91, 30, 6109
91, 31, 6457
91, 32, 6013
91, 33, 6429
91, 34, 6865
91, 35, 6993
91, 36, 7393
91, 37, 7989
91, 38, 7885
91, 39, 7417
91, 40, 8273
91, 41, 8041
91, 42, 8537
91, 43, 8597
91, 44, 8161
91, 45, 8913
91, 46, 10277
91, 47, 8737
91, 48, 9001
91, 49, 9997
91, 50, 9629
91, 51, 9969
91, 52, 10541
91, 53, 11257
91, 54, 10901
91, 55, 10281
91, 56, 10213
91, 57, 11337
91, 58, 11249
91, 59, 11429
91, 60, 11693
91, 61, 11933
91, 62, 12469
91, 63, 12257
91, 64, 12613
91, 65, 13217
91, 66, 13509
91, 67, 12441
91, 68, 14413
91, 69, 12953
91, 70, 13597
91, 71, 13601
91, 72, 14677
91, 73, 13865
91, 74, 15277
91, 75, 15253
91, 76, 15261
91, 77, 14385
91, 78, 14857
91, 79, 15037
91, 80, 15377
91, 81, 15469
91, 82, 16053
91, 83, 16809
91, 84, 16225
91, 85, 16577
91, 86, 16477
91, 87, 16729
91, 88, 17217
91, 89, 17401
91, 90, 17477
91, 91, 17477
92, 1, 701
92, 2, 485
92, 3, 1249
92, 4, 1429
92, 5, 1785
92, 6, 2077
92, 7, 1809
92, 8, 2657
92, 9, 2585
92, 10, 3289
92, 11, 2861
92, 12, 2661
92, 13, 2677
92, 14, 3137
92, 15, 3001
92, 16, 3929
92, 17, 3701
92, 18, 4533
92, 19, 3405
92, 20, 4205
92, 21, 5193
92, 22, 5369
92, 23, 5181
92, 24, 5297
92, 25, 5061
92, 26, 6429
92, 27, 5737
92, 28, 6113
92, 29, 6053
92, 30, 6789
92, 31, 6381
92, 32, 6585
92, 33, 6565
92, 34, 6925
92, 35, 6177
92, 36, 8517
92, 37, 8041
92, 38, 7789
92, 39, 8161
92, 40, 7865
92, 41, 7797
92, 42, 7757
92, 43, 8929
92, 44, 8801
92, 45, 8285
92, 46, 9253
92, 47, 10001
92, 48, 8945
92, 49, 10133
92, 50, 10537
92, 51, 9997
92, 52, 10393
92, 53, 10845
92, 54, 10697
92, 55, 11373
92, 56, 11657
92, 57, 11745
92, 58, 11209
92, 59, 12097
92, 60, 11073
92, 61, 12881
92, 62, 12017
92, 63, 11829
92, 64, 13629
92, 65, 13637
92, 66, 13469
92, 67, 12873
92, 68, 13001
92, 69, 13629
92, 70, 14505
92, 71, 14597
92, 72, 14721
92, 73, 14441
92, 74, 15017
92, 75, 14661
92, 76, 14809
92, 77, 14549
92, 78, 15249
92, 79, 15193
92, 80, 15173
92, 81, 16357
92, 82, 16261
92, 83, 16201
92, 84, 16501
92, 85, 17081
92, 86, 16677
92, 87, 17205
92, 88, 17293
92, 89, 17485
92, 90, 17581
92, 91, 17853
92, 92, 17853
93, 1, 613
93, 2, 1229
93, 3, 725
93, 4, 1377
93, 5, 1453
93, 6, 1833
93, 7, 2457
93, 8, 1969
93, 9, 3261
93, 10, 2657
93, 11, 2601
93, 12, 2837
93, 13, 2881
93, 14, 2809
93, 15, 3653
93, 16, 3289
93, 17, 3829
93, 18, 3429
93, 19, 3949
93, 20, 4149
93, 21, 4233
93, 22, 4741
93, 23, 4905
93, 24, 4953
93, 25, 4333
93, 26, 5437
93, 27, 6445
93, 28, 5397
93, 29, 6569
93, 30, 6297
93, 31, 5889
93, 32, 6949
93, 33, 7633
93, 34, 7381
93, 35, 6981
93, 36, 7517
93, 37, 7465
93, 38, 7485
93, 39, 7881
93, 40, 8109
93, 41, 7969
93, 42, 8701
93, 43, 8557
93, 44, 9017
93, 45, 7229
93, 46, 9369
93, 47, 9301
93, 48, 9013
93, 49, 8921
93, 50, 10441
93, 51, 9689
93, 52, 11845
93, 53, 10717
93, 54, 11229
93, 55, 10669
93, 56, 9941
93, 57, 12045
93, 58, 11973
93, 59, 11989
93, 60, 12809
93, 61, 11549
93, 62, 12293
93, 63, 13477
93, 64, 12201
93, 65, 13449
93, 66, 13265
93, 67, 13913
93, 68, 13897
93, 69, 14701
93, 70, 14905
93, 71, 14437
93, 72, 13973
93, 73, 14833
93, 74, 14441
93, 75, 15273
93, 76, 15421
93, 77, 15621
93, 78, 15621
93, 79, 15037
93, 80, 15785
93, 81, 16185
93, 82, 16393
93, 83, 15921
93, 84, 16661
93, 85, 17133
93, 86, 16629
93, 87, 17073
93, 88, 17469
93, 89, 17685
93, 90, 17921
93, 91, 17909
93, 92, 18233
93, 93, 18233
94, 1, 709
94, 2, 749
94, 3, 877
94, 4, 1361
94, 5, 1789
94, 6, 2193
94, 7, 1957
94, 8, 2125
94, 9, 2545
94, 10, 2617
94, 11, 2981
94, 12, 3093
94, 13, 2725
94, 14, 3097
94, 15, 3825
94, 16, 3585
94, 17, 4721
94, 18, 4813
94, 19, 3893
94, 20, 4409
94, 21, 4809
94, 22, 5105
94, 23, 5085
94, 24, 5357
94, 25, 5705
94, 26, 5813
94, 27, 5561
94, 28, 5853
94, 29, 5809
94, 30, 5785
94, 31, 6445
94, 32, 6697
94, 33, 7421
94, 34, 7645
94, 35, 7265
94, 36, 7093
94, 37, 7297
94, 38, 7769
94, 39, 8241
94, 40, 7877
94, 41, 8853
94, 42, 8805
94, 43, 9349
94, 44, 8825
94, 45, 8121
94, 46, 9997
94, 47, 9717
94, 48, 10061
94, 49, 9565
94, 50, 10381
94, 51, 9533
94, 52, 11533
94, 53, 11749
94, 54, 11085
94, 55, 11085
94, 56, 11373
94, 57, 11789
94, 58, 12265
94, 59, 11469
94, 60, 12101
94, 61, 12137
94, 62, 12357
94, 63, 12745
94, 64, 12089
94, 65, 12621
94, 66, 13241
94, 67, 13665
94, 68, 13653
94, 69, 13461
94, 70, 14537
94, 71, 14893
94, 72, 14257
94, 73, 15309
94, 74, 15417
94, 75, 15049
94, 76, 15257
94, 77, 15665
94, 78, 15637
94, 79, 15961
94, 80, 16317
94, 81, 16313
94, 82, 16877
94, 83, 16957
94, 84, 16497
94, 85, 16725
94, 86, 17525
94, 87, 17845
94, 88, 17733
94, 89, 18021
94, 90, 18209
94, 91, 18257
94, 92, 18485
94, 93, 18617
94, 94, 18617
95, 1, 693
95, 2, 897
95, 3, 1105
95, 4, 1837
95, 5, 1573
95, 6, 1393
95, 7, 1633
95, 8, 2177
95, 9, 2537
95, 10, 2229
95, 11, 2905
95, 12, 2725
95, 13, 3749
95, 14, 3505
95, 15, 3589
95, 16, 3669
95, 17, 3961
95, 18, 4425
95, 19, 4241
95, 20, 4881
95, 21, 4929
95, 22, 4385
95, 23, 4465
95, 24, 5125
95, 25, 3729
95, 26, 5817
95, 27, 5801
95, 28, 5537
95, 29, 7141
95, 30, 6885
95, 31, 6605
95, 32, 7313
95, 33, 7061
95, 34, 7393
95, 35, 8233
95, 36, 8213
95, 37, 6937
95, 38, 7253
95, 39, 7061
95, 40, 8281
95, 41, 8449
95, 42, 8133
95, 43, 9353
95, 44, 8889
95, 45, 9697
95, 46, 9441
95, 47, 10469
95, 48, 10021
95, 49, 10889
95, 50, 9301
95, 51, 9441
95, 52, 10477
95, 53, 10773
95, 54, 12225
95, 55, 11089
95, 56, 11945
95, 57, 11481
95, 58, 12033
95, 59, 13709
95, 60, 11861
95, 61, 12233
95, 62, 12229
95, 63, 12881
95, 64, 13457
95, 65, 13193
95, 66, 13869
95, 67, 13637
95, 68, 13261
95, 69, 13977
95, 70, 15053
95, 71, 14645
95, 72, 14357
95, 73, 14473
95, 74, 14429
95, 75, 15373
95, 76, 15361
95, 77, 15217
95, 78, 16609
95, 79, 15933
95, 80, 16681
95, 81, 16633
95, 82, 16545
95, 83, 16845
95, 84, 17657
95, 85, 17217
95, 86, 17793
95, 87, 17985
95, 88, 17933
95, 89, 17657
95, 90, 18217
95, 91, 18309
95, 92, 18481
95, 93, 18997
95, 94, 19005
95, 95, 19005
96, 1, 637
96, 2, 945
96, 3, 1277
96, 4, 1437
96, 5, 1881
96, 6, 1697
96, 7, 1733
96, 8, 2101
96, 9, 2641
96, 10, 2517
96, 11, 2849
96, 12, 2977
96, 13, 2865
96, 14, 3009
96, 15, 3525
96, 16, 3797
96, 17, 4241
96, 18, 3833
96, 19, 4373
96, 20, 4781
96, 21, 5001
96, 22, 4365
96, 23, 5637
96, 24, 5645
96, 25, 4601
96, 26, 6197
96, 27, 6729
96, 28, 5745
96, 29, 8553
96, 30, 6785
96, 31, 6941
96, 32, 6909
96, 33, 7209
96, 34, 7613
96, 35, 7405
96, 36, 7709
96, 37, 7181
96, 38, 8625
96, 39, 8521
96, 40, 8053
96, 41, 9917
96, 42, 8165
96, 43, 8565
96, 44, 9569
96, 45, 9417
96, 46, 9861
96, 47, 10069
96, 48, 10509
96, 49, 10645
96, 50, 11037
96, 51, 11129
96, 52, 12005
96, 53, 11089
96, 54, 10589
96, 55, 10025
96, 56, 11729
96, 57, 12769
96, 58, 11421
96, 59, 11785
96, 60, 12925
96, 61, 13049
96, 62, 13149
96, 63, 13057
96, 64, 13217
96, 65, 12573
96, 66, 13393
96, 67, 14229
96, 68, 14177
96, 69, 14461
96, 70, 14485
96, 71, 14605
96, 72, 14821
96, 73, 14957
96, 74, 14541
96, 75, 15909
96, 76, 15593
96, 77, 15613
96, 78, 15697
96, 79, 15637
96, 80, 16109
96, 81, 16893
96, 82, 17061
96, 83, 17517
96, 84, 17465
96, 85, 17961
96, 86, 17281
96, 87, 17257
96, 88, 17949
96, 89, 18169
96, 90, 18697
96, 91, 18749
96, 92, 18613
96, 93, 19257
96, 94, 19017
96, 95, 19397
96, 96, 19397
97, 1, 525
97, 2, 1165
97, 3, 1021
97, 4, 1037
97, 5, 1689
97, 6, 1133
97, 7, 2277
97, 8, 2045
97, 9, 2433
97, 10, 2333
97, 11, 2877
97, 12, 2805
97, 13, 2589
97, 14, 3433
97, 15, 2733
97, 16, 4329
97, 17, 4713
97, 18, 4641
97, 19, 3473
97, 20, 4945
97, 21, 4305
97, 22, 4533
97, 23, 4553
97, 24, 6301
97, 25, 5669
97, 26, 5489
97, 27, 6369
97, 28, 7489
97, 29, 7073
97, 30, 5841
97, 31, 5601
97, 32, 6749
97, 33, 6985
97, 34, 7105
97, 35, 6941
97, 36, 7817
97, 37, 8117
97, 38, 9693
97, 39, 8201
97, 40, 8301
97, 41, 8529
97, 42, 9913
97, 43, 10057
97, 44, 9141
97, 45, 9509
97, 46, 9853
97, 47, 10289
97, 48, 9549
97, 49, 9785
97, 50, 10029
97, 51, 10561
97, 52, 11313
97, 53, 10317
97, 54, 12137
97, 55, 11713
97, 56, 12257
97, 57, 12837
97, 58, 12169
97, 59, 12117
97, 60, 12449
97, 61, 13121
97, 62, 11713
97, 63, 12825
97, 64, 13573
97, 65, 13889
97, 66, 13681
97, 67, 14597
97, 68, 15305
97, 69, 15305
97, 70, 14269
97, 71, 14861
97, 72, 14789
97, 73, 16057
97, 74, 15953
97, 75, 15617
97, 76, 15617
97, 77, 16701
97, 78, 15733
97, 79, 17313
97, 80, 17085
97, 81, 16457
97, 82, 17605
97, 83, 17841
97, 84, 17741
97, 85, 18081
97, 86, 18713
97, 87, 18221
97, 88, 18233
97, 89, 18109
97, 90, 18029
97, 91, 18841
97, 92, 18813
97, 93, 19357
97, 94, 19193
97, 95, 19553
97, 96, 19793
97, 97, 19793
98, 1, 653
98, 2, 525
98, 3, 1129
98, 4, 1769
98, 5, 1269
98, 6, 1493
98, 7, 1305
98, 8, 2653
98, 9, 2293
98, 10, 2565
98, 11, 2757
98, 12, 3121
98, 13, 2833
98, 14, 3397
98, 15, 3893
98, 16, 3501
98, 17, 4129
98, 18, 4437
98, 19, 4473
98, 20, 4413
98, 21, 4829
98, 22, 4797
98, 23, 5385
98, 24, 5961
98, 25, 5961
98, 26, 5681
98, 27, 4841
98, 28, 6329
98, 29, 6433
98, 30, 6013
98, 31, 6977
98, 32, 7393
98, 33, 7025
98, 34, 7625
98, 35, 8697
98, 36, 7901
98, 37, 8093
98, 38, 8369
98, 39, 7533
98, 40, 8653
98, 41, 8653
98, 42, 8429
98, 43, 9633
98, 44, 10489
98, 45, 10925
98, 46, 9401
98, 47, 9285
98, 48, 10273
98, 49, 10429
98, 50, 9865
98, 51, 11497
98, 52, 11393
98, 53, 11005
98, 54, 12605
98, 55, 10689
98, 56, 12201
98, 57, 11397
98, 58, 12689
98, 59, 12645
98, 60, 12757
98, 61, 12805
98, 62, 13745
98, 63, 13189
98, 64, 14197
98, 65, 13141
98, 66, 13181
98, 67, 13637
98, 68, 14981
98, 69, 14733
98, 70, 15169
98, 71, 14705
98, 72, 15293
98, 73, 15273
98, 74, 14785
98, 75, 15513
98, 76, 16137
98, 77, 16201
98, 78, 15837
98, 79, 17089
98, 80, 16457
98, 81, 16665
98, 82, 16549
98, 83, 17101
98, 84, 17829
98, 85, 17329
98, 86, 17761
98, 87, 18341
98, 88, 18105
98, 89, 18053
98, 90, 18265
98, 91, 18737
98, 92, 19281
98, 93, 19577
98, 94, 19493
98, 95, 19837
98, 96, 19873
98, 97, 20193
98, 98, 20193
99, 1, 501
99, 2, 1281
99, 3, 1097
99, 4, 1229
99, 5, 2125
99, 6, 2249
99, 7, 1697
99, 8, 2217
99, 9, 1933
99, 10, 3093
99, 11, 2605
99, 12, 3473
99, 13, 3345
99, 14, 4513
99, 15, 4113
99, 16, 3573
99, 17, 4353
99, 18, 4641
99, 19, 4369
99, 20, 4521
99, 21, 5321
99, 22, 4973
99, 23, 4777
99, 24, 5777
99, 25, 5797
99, 26, 7125
99, 27, 5589
99, 28, 6985
99, 29, 6553
99, 30, 5801
99, 31, 7845
99, 32, 6989
99, 33, 8341
99, 34, 7909
99, 35, 7585
99, 36, 8665
99, 37, 8017
99, 38, 8457
99, 39, 8429
99, 40, 8221
99, 41, 10125
99, 42, 8197
99, 43, 9257
99, 44, 9829
99, 45, 10041
99, 46, 9989
99, 47, 9153
99, 48, 8881
99, 49, 9437
99, 50, 10729
99, 51, 12581
99, 52, 10861
99, 53, 11157
99, 54, 11161
99, 55, 11573
99, 56, 11337
99, 57, 12353
99, 58, 11313
99, 59, 11881
99, 60, 13261
99, 61, 12757
99, 62, 13805
99, 63, 13649
99, 64, 14325
99, 65, 14361
99, 66, 14453
99, 67, 14233
99, 68, 14453
99, 69, 15637
99, 70, 14645
99, 71, 15561
99, 72, 15429
99, 73, 15709
99, 74, 15869
99, 75, 15909
99, 76, 15417
99, 77, 16541
99, 78, 16753
99, 79, 16417
99, 80, 16781
99, 81, 17349
99, 82, 17909
99, 83, 16905
99, 84, 18165
99, 85, 18061
99, 86, 18073
99, 87, 18149
99, 88, 18189
99, 89, 18493
99, 90, 18509
99, 91, 19625
99, 92, 18973
99, 93, 19265
99, 94, 20065
99, 95, 19913
99, 96, 20497
99, 97, 20433
99, 98, 20597
99, 99, 20597
100, 1, 477
100, 2, 937
100, 3, 1113
100, 4, 1269
100, 5, 1317
100, 6, 1577
100, 7, 1713
100, 8, 1417
100, 9, 1549
100, 10, 2317
100, 11, 3069
100, 12, 3089
100, 13, 3125
100, 14, 3337
100, 15, 4005
100, 16, 4325
100, 17, 4517
100, 18, 3753
100, 19, 4553
100, 20, 4657
100, 21, 4061
100, 22, 5345
100, 23, 5357
100, 24, 5665
100, 25, 5793
100, 26, 6965
100, 27, 6673
100, 28, 6245
100, 29, 5897
100, 30, 6945
100, 31, 5885
100, 32, 7917
100, 33, 7669
100, 34, 7201
100, 35, 7313
100, 36, 6281
100, 37, 7765
100, 38, 8649
100, 39, 8557
100, 40, 8457
100, 41, 9197
100, 42, 9317
100, 43, 9465
100, 44, 9393
100, 45, 9333
100, 46, 9805
100, 47, 9769
100, 48, 9517
100, 49, 10493
100, 50, 9945
100, 51, 11537
100, 52, 11185
100, 53, 11541
100, 54, 11677
100, 55, 12453
100, 56, 13197
100, 57, 11549
100, 58, 12025
100, 59, 13537
100, 60, 13833
100, 61, 13421
100, 62, 13193
100, 63, 13909
100, 64, 14629
100, 65, 14897
100, 66, 14957
100, 67, 14581
100, 68, 14573
100, 69, 14637
100, 70, 16029
100, 71, 14745
100, 72, 15345
100, 73, 15673
100, 74, 16073
100, 75, 15577
100, 76, 16453
100, 77, 16241
100, 78, 16597
100, 79, 18069
100, 80, 17017
100, 81, 17001
100, 82, 18089
100, 83, 18265
100, 84, 17981
100, 85, 17789
100, 86, 17677
100, 87, 17837
100, 88, 18801
100, 89, 18233
100, 90, 18977
100, 91, 19645
100, 92, 19809
100, 93, 19753
100, 94, 19317
100, 95, 20125
100, 96, 20393
100, 97, 20505
100, 98, 20721
100, 99, 21005
100, 100, 21005
